student_id,cgpa,cgpa_normalized,10th_normalized,12th_normalized,backlogs_history,active_backlogs,department,num_certs,num_global_premium,num_global_standard,num_national,num_local,max_cert_tier,num_projects,max_project_complexity,num_advanced_projects,num_deployed,num_with_github,total_project_weeks,num_internships,total_internship_months,max_internship_tier,num_papers,max_paper_tier,num_first_author,num_skills,num_advanced_skills,num_verified_skills
S0001,6.77,0.6769999999999999,0.659,0.6809999999999999,4,0,AIML,0,0,0,0,0,0,1,2,0,0,1,6,1,1.0,2,0,0,0,4,2,2
S0002,8.82,0.882,0.8290000000000001,0.878,1,0,CSE,2,0,0,2,0,2,3,3,1,1,0,22,1,1.0,3,0,0,0,5,1,2
S0003,7.7,0.77,0.8009999999999999,0.6759999999999999,0,0,AIDS,2,0,0,1,1,2,2,1,0,0,1,4,1,1.0,2,0,0,0,3,1,1
S0004,8.73,0.873,0.85,0.8009999999999999,0,0,CSE,0,0,0,0,0,0,1,1,0,1,0,2,1,3.0,2,0,0,0,3,0,2
S0005,5.13,0.513,0.41100000000000003,0.47100000000000003,5,2,EEE,2,0,0,1,1,2,4,3,2,1,2,36,0,0.0,0,0,0,0,5,1,3
S0006,9.78,0.978,0.7659999999999999,0.94,0,0,AIML,1,0,1,0,0,3,2,2,0,1,1,14,1,3.0,5,0,0,0,3,0,0
S0007,6.4,0.64,0.581,0.544,3,2,CIVIL,0,0,0,0,0,0,0,0,0,0,0,0,1,2.0,4,0,0,0,3,1,1
S0008,6.15,0.615,0.602,0.518,0,0,AIML,1,0,1,0,0,3,2,2,0,0,1,8,1,3.0,4,0,0,0,3,2,2
S0009,6.27,0.627,0.534,0.575,1,0,CSE,0,0,0,0,0,0,1,2,0,1,0,12,2,7.5,3,0,0,0,4,0,0
S0010,9.38,0.9380000000000001,0.941,0.9640000000000001,0,0,AIDS,1,0,0,0,1,1,2,2,0,0,1,19,1,6.0,4,0,0,0,3,0,1
S0011,8.05,0.805,0.8140000000000001,0.713,0,0,MECH,4,0,1,0,3,3,1,3,1,0,0,19,0,0.0,0,0,0,0,4,1,3
S0012,8.26,0.826,0.802,0.799,1,1,CIVIL,1,0,0,0,1,1,1,3,1,1,1,9,0,0.0,0,0,0,0,3,1,2
S0013,7.18,0.718,0.738,0.649,0,0,EEE,4,1,2,1,0,4,1,3,1,1,1,8,1,3.0,4,0,0,0,3,2,1
S0014,9.82,0.982,0.934,0.86,0,0,ECE,2,0,1,0,1,3,3,2,0,0,2,20,0,0.0,0,0,0,0,3,0,1
S0015,7.61,0.761,0.655,0.696,0,0,AIML,4,1,0,3,0,4,3,3,1,1,2,36,1,1.0,3,0,0,0,4,3,4
S0016,7.21,0.721,0.6609999999999999,0.726,1,0,MBA,6,1,1,2,2,4,1,2,0,0,0,11,1,2.0,4,1,2,1,3,0,2
S0017,9.43,0.943,0.9009999999999999,0.8809999999999999,0,0,AIDS,0,0,0,0,0,0,1,2,0,1,0,12,1,2.0,2,0,0,0,4,0,1
S0018,8.36,0.836,0.935,0.917,0,0,CIVIL,0,0,0,0,0,0,2,3,1,1,0,27,0,0.0,0,0,0,0,4,1,2
S0019,6.25,0.625,0.581,0.6659999999999999,1,0,CSE,0,0,0,0,0,0,3,2,0,0,1,14,2,4.5,5,0,0,0,7,1,1
S0020,8.12,0.8119999999999999,0.713,0.784,0,0,IT,3,1,2,0,0,4,1,3,1,1,1,10,0,0.0,0,0,0,0,2,1,2
S0021,8.43,0.843,0.753,0.857,0,0,CSE,2,0,0,0,2,1,2,2,0,0,1,15,3,6.0,3,1,1,1,4,0,1
S0022,7.18,0.718,0.575,0.7240000000000001,2,1,IT,3,0,0,0,3,1,3,2,0,1,2,13,0,0.0,0,1,1,0,4,2,2
S0023,7.12,0.712,0.738,0.792,2,1,IT,3,2,0,1,0,4,3,3,1,0,2,24,4,6.0,3,2,3,0,3,2,1
S0024,7.45,0.745,0.535,0.7829999999999999,0,0,EEE,2,0,0,0,2,1,0,0,0,0,0,0,2,7.0,4,0,0,0,5,1,2
S0025,5.44,0.544,0.485,0.518,3,1,IT,0,0,0,0,0,0,3,3,1,1,1,19,0,0.0,0,0,0,0,4,3,3
S0026,6.1,0.61,0.56,0.557,0,0,EEE,7,1,2,2,2,4,2,2,0,0,1,15,1,1.5,2,1,1,1,3,1,1
S0027,8.62,0.8619999999999999,0.775,0.8640000000000001,0,0,IT,2,0,0,1,1,2,1,3,1,0,1,15,2,4.5,5,0,0,0,4,1,2
S0028,7.46,0.746,0.815,0.677,1,1,CSE,1,0,0,0,1,1,3,2,0,0,1,18,0,0.0,0,1,2,0,7,3,3
S0029,5.88,0.588,0.6579999999999999,0.579,4,1,CSE,2,0,0,1,1,2,2,3,1,1,2,18,1,6.0,5,0,0,0,4,1,1
S0030,9.85,0.985,0.995,0.995,0,0,AIML,1,0,0,0,1,1,4,3,1,1,2,38,2,2.5,2,0,0,0,3,1,2
S0031,8.4,0.8400000000000001,0.805,0.9179999999999999,0,0,CSE,1,0,0,0,1,1,3,2,0,1,3,17,0,0.0,0,0,0,0,5,1,3
S0032,7.53,0.753,0.74,0.535,0,0,AIDS,0,0,0,0,0,0,4,2,0,1,3,30,2,4.0,4,0,0,0,3,1,1
S0033,8.19,0.819,0.7559999999999999,0.7909999999999999,0,0,CSE,2,0,0,2,0,2,1,1,0,0,1,2,0,0.0,0,1,2,1,5,1,3
S0034,9.94,0.994,0.909,0.995,1,1,ECE,2,0,0,1,1,2,2,1,0,0,1,6,1,2.0,2,1,1,0,4,2,3
S0035,6.01,0.601,0.485,0.465,1,1,AIML,1,0,0,1,0,2,3,3,1,2,2,22,0,0.0,0,0,0,0,4,1,1
S0036,7.83,0.783,0.82,0.721,0,0,ECE,4,1,0,2,1,4,2,3,2,1,2,39,0,0.0,0,0,0,0,2,1,1
S0037,9.09,0.909,0.8079999999999999,0.938,1,1,CSE,0,0,0,0,0,0,3,1,0,0,0,10,1,6.0,5,0,0,0,4,0,2
S0038,6.92,0.692,0.616,0.68,0,0,IT,1,0,0,0,1,1,2,2,0,0,0,11,3,7.0,5,0,0,0,1,1,0
S0039,6.05,0.605,0.7090000000000001,0.643,1,0,AIML,4,0,2,2,0,3,4,3,2,2,2,36,1,3.0,3,0,0,0,5,3,2
S0040,7.08,0.708,0.857,0.741,1,0,ECE,2,0,0,0,2,1,1,2,0,1,1,12,3,7.0,4,0,0,0,4,1,1
S0041,6.18,0.618,0.639,0.534,1,1,CSE,2,0,0,2,0,2,1,3,1,0,1,13,1,2.0,4,0,0,0,4,3,3
S0042,8.08,0.808,0.778,0.764,0,0,EEE,4,0,1,2,1,3,2,3,2,2,1,24,0,0.0,0,0,0,0,4,0,1
S0043,7.91,0.791,0.8690000000000001,0.7959999999999999,0,0,MECH,0,0,0,0,0,0,1,1,0,0,0,2,2,9.0,4,0,0,0,5,2,3
S0044,8.3,0.8300000000000001,0.777,0.927,1,1,AIDS,2,0,0,0,2,1,2,2,0,1,1,10,2,5.0,5,0,0,0,7,1,1
S0045,9.67,0.967,0.9079999999999999,0.833,0,0,CSE,0,0,0,0,0,0,1,2,0,0,1,12,1,3.0,3,1,2,1,2,0,0
S0046,7.41,0.741,0.684,0.802,1,0,ECE,1,0,1,0,0,3,2,2,0,0,0,9,0,0.0,0,1,2,1,1,0,1
S0047,8.42,0.842,0.914,0.856,0,0,ECE,0,0,0,0,0,0,2,2,0,1,1,16,1,6.0,3,0,0,0,2,1,1
S0048,7.71,0.771,0.644,0.578,2,0,ECE,2,0,1,0,1,3,2,2,0,1,1,15,1,3.0,5,0,0,0,4,2,2
S0049,7.55,0.755,0.6729999999999999,0.851,0,0,AIML,1,0,1,0,0,3,1,1,0,0,0,3,1,6.0,4,0,0,0,5,1,3
S0050,6.17,0.617,0.579,0.586,0,0,AIDS,1,0,0,0,1,1,4,2,0,1,3,25,1,1.0,1,0,0,0,4,2,0
S0051,4.89,0.489,0.552,0.49200000000000005,3,1,CSE,2,1,0,1,0,4,3,3,1,0,1,18,1,1.5,2,0,0,0,1,1,0
S0052,7.5,0.75,0.775,0.866,0,0,EEE,1,0,0,1,0,2,3,3,1,1,1,31,2,6.0,3,0,0,0,3,0,1
S0053,8.42,0.842,0.922,0.789,1,0,CSE,4,1,2,1,0,4,3,2,0,0,3,23,0,0.0,0,0,0,0,3,2,0
S0054,4.63,0.46299999999999997,0.47200000000000003,0.501,4,2,AIDS,4,0,0,2,2,2,3,2,0,1,2,12,1,3.0,4,0,0,0,5,2,3
S0055,8.17,0.817,0.718,0.85,0,0,AIDS,2,0,0,1,1,2,3,3,1,1,2,28,1,3.0,3,0,0,0,4,0,2
S0056,7.75,0.775,0.722,0.65,2,0,AIDS,4,0,2,1,1,3,2,1,0,0,0,9,3,12.0,3,0,0,0,5,2,2
S0057,9.31,0.931,0.924,0.995,0,0,MECH,1,0,0,1,0,2,1,1,0,0,0,5,1,2.0,4,0,0,0,6,2,3
S0058,8.83,0.883,0.93,0.995,0,0,CSE,1,0,0,0,1,1,1,2,0,0,1,10,0,0.0,0,1,1,0,4,0,3
S0059,9.2,0.9199999999999999,0.978,0.82,0,0,ECE,1,0,0,1,0,2,2,2,0,0,1,11,1,2.0,1,0,0,0,5,3,2
S0060,6.69,0.669,0.696,0.72,0,0,AIDS,2,0,0,1,1,2,1,1,0,0,1,6,0,0.0,0,0,0,0,4,1,1
S0061,6.62,0.662,0.604,0.624,3,0,ECE,2,1,1,0,0,4,3,2,0,1,1,12,1,2.0,1,1,2,1,5,2,2
S0062,7.01,0.701,0.665,0.677,0,0,CSE,2,0,0,1,1,2,2,1,0,0,0,10,0,0.0,0,0,0,0,3,0,1
S0063,6.84,0.6839999999999999,0.642,0.59,0,0,AIDS,3,1,1,0,1,4,0,0,0,0,0,0,2,8.0,4,0,0,0,2,1,2
S0064,7.03,0.7030000000000001,0.795,0.674,0,0,CSE,1,0,0,0,1,1,1,2,0,0,0,5,1,1.0,3,0,0,0,3,0,1
S0065,6.39,0.639,0.6809999999999999,0.715,0,0,MBA,4,0,1,1,2,3,1,2,0,0,1,6,0,0.0,0,0,0,0,4,2,2
S0066,9.81,0.9810000000000001,0.995,0.995,0,0,IT,1,1,0,0,0,4,1,3,1,0,1,9,2,9.0,4,2,4,2,4,0,2
S0067,8.27,0.827,0.866,0.807,0,0,ECE,4,0,2,0,2,3,1,2,0,0,0,4,0,0.0,0,0,0,0,3,1,1
S0068,7.53,0.753,0.828,0.919,0,0,CIVIL,3,0,0,2,1,2,1,1,0,0,0,6,1,2.0,3,0,0,0,4,0,1
S0069,4.1,0.41,0.37799999999999995,0.45899999999999996,3,1,BCA,3,0,1,0,2,3,3,3,1,1,0,25,1,1.0,3,0,0,0,2,0,0
S0070,8.68,0.868,0.7340000000000001,0.76,0,0,AIDS,3,1,1,1,0,4,1,1,0,0,1,5,2,4.0,3,0,0,0,4,1,2
S0071,6.76,0.6759999999999999,0.7240000000000001,0.755,2,2,IT,3,1,1,1,0,4,4,3,2,2,2,35,1,2.0,4,0,0,0,3,0,0
S0072,8.88,0.8880000000000001,0.971,0.995,0,0,CIVIL,2,0,0,2,0,2,2,1,0,0,1,4,1,1.5,2,1,2,0,3,0,1
S0073,7.07,0.7070000000000001,0.706,0.733,0,0,MECH,1,0,0,1,0,2,2,3,1,0,1,20,2,4.0,3,0,0,0,5,2,2
S0074,7.7,0.77,0.9129999999999999,0.88,1,1,AIDS,1,0,0,0,1,1,2,2,0,1,0,12,0,0.0,0,1,1,0,1,0,0
S0075,8.66,0.866,0.9179999999999999,0.958,0,0,IT,1,0,0,1,0,2,3,3,1,1,1,16,3,6.0,3,0,0,0,1,1,0
S0076,8.47,0.8470000000000001,0.782,0.8270000000000001,0,0,CIVIL,1,0,0,1,0,2,2,2,0,0,0,15,0,0.0,0,0,0,0,3,1,1
S0077,6.63,0.663,0.7240000000000001,0.726,1,0,MECH,2,0,1,0,1,3,4,3,1,1,3,23,0,0.0,0,0,0,0,4,1,1
S0078,6.05,0.605,0.6559999999999999,0.7090000000000001,2,0,ECE,1,0,0,1,0,2,4,3,1,2,3,34,0,0.0,0,0,0,0,3,1,1
S0079,7.72,0.772,0.7829999999999999,0.7,2,0,AIML,1,0,1,0,0,3,3,2,0,0,0,20,2,4.0,4,0,0,0,4,1,1
S0080,6.0,0.6,0.588,0.595,1,1,CSE,1,0,0,0,1,1,3,2,0,0,1,18,1,6.0,4,2,2,2,3,1,3
S0081,8.0,0.8,0.7340000000000001,0.809,0,0,EEE,3,0,1,0,2,3,2,3,1,0,1,18,0,0.0,0,1,2,1,3,0,0
S0082,7.89,0.7889999999999999,0.995,0.8859999999999999,0,0,AIML,3,2,0,0,1,4,2,2,0,0,1,13,1,3.0,2,0,0,0,5,1,3
S0083,8.46,0.8460000000000001,0.9159999999999999,0.733,2,1,AIML,2,0,0,2,0,2,4,3,1,1,1,28,0,0.0,0,0,0,0,1,1,1
S0084,9.16,0.916,0.912,0.9390000000000001,1,1,EEE,3,0,1,0,2,3,3,2,0,0,1,21,1,3.0,3,0,0,0,3,1,2
S0085,6.95,0.6950000000000001,0.684,0.7440000000000001,1,0,AIML,3,2,0,0,1,4,2,3,1,1,1,14,1,1.0,3,0,0,0,2,1,1
S0086,8.08,0.808,0.7559999999999999,0.732,0,0,ECE,0,0,0,0,0,0,2,3,2,1,2,31,1,2.0,4,0,0,0,3,0,0
S0087,6.33,0.633,0.631,0.594,3,1,IT,0,0,0,0,0,0,0,0,0,0,0,0,0,0.0,0,0,0,0,3,1,3
S0088,6.78,0.678,0.595,0.6679999999999999,0,0,MECH,7,1,0,3,3,4,1,1,0,0,0,3,0,0.0,0,0,0,0,2,1,1
S0089,7.6,0.76,0.618,0.703,0,0,CSE,3,0,1,2,0,3,1,1,0,0,0,2,0,0.0,0,0,0,0,5,1,1
S0090,6.69,0.669,0.7140000000000001,0.67,1,1,AIML,4,0,0,3,1,2,2,1,0,1,0,7,0,0.0,0,0,0,0,3,2,2
S0091,6.88,0.688,0.746,0.7809999999999999,2,2,AIML,0,0,0,0,0,0,1,2,0,1,0,7,1,1.0,3,0,0,0,4,1,2
S0092,6.76,0.6759999999999999,0.6729999999999999,0.731,3,2,CSE,1,0,0,1,0,2,2,2,0,1,1,6,0,0.0,0,0,0,0,4,0,1
S0093,8.31,0.8310000000000001,0.7829999999999999,0.721,2,1,MBA,3,0,2,1,0,3,1,3,1,0,1,18,1,2.0,1,0,0,0,2,0,0
S0094,9.3,0.93,0.975,0.995,0,0,CSE,0,0,0,0,0,0,3,2,0,0,0,12,1,3.0,4,0,0,0,3,2,2
S0095,7.63,0.763,0.802,0.8190000000000001,0,0,CSE,3,2,0,1,0,4,1,2,0,0,1,8,1,2.0,1,0,0,0,2,0,0
S0096,7.56,0.756,0.81,0.7609999999999999,0,0,AIML,1,0,0,0,1,1,2,3,1,1,2,29,0,0.0,0,1,4,0,4,2,2
S0097,8.42,0.842,0.86,0.836,0,0,AIDS,1,0,0,1,0,2,1,2,0,1,1,7,1,2.0,4,0,0,0,2,0,1
S0098,8.73,0.873,0.867,0.95,0,0,IT,4,0,0,1,3,2,1,2,0,0,1,4,2,3.5,4,0,0,0,7,1,4
S0099,6.23,0.623,0.44299999999999995,0.584,0,0,AIDS,0,0,0,0,0,0,1,1,0,0,0,2,1,6.0,4,0,0,0,3,0,1
S0100,6.05,0.605,0.628,0.61,0,0,IT,0,0,0,0,0,0,1,1,0,0,0,4,2,3.0,4,0,0,0,3,1,1
S0101,6.5,0.65,0.753,0.69,3,1,CSE,1,0,0,0,1,1,2,2,0,2,2,11,0,0.0,0,0,0,0,4,1,1
S0102,8.01,0.8009999999999999,0.747,0.691,0,0,CSE,1,0,0,0,1,1,2,3,1,1,2,23,1,1.0,3,1,1,0,2,0,1
S0103,8.66,0.866,0.872,0.81,0,0,MBA,1,0,0,0,1,1,2,3,1,2,2,17,0,0.0,0,0,0,0,2,1,1
S0104,6.06,0.606,0.594,0.672,1,0,MECH,0,0,0,0,0,0,4,3,1,0,4,34,1,1.0,2,0,0,0,3,1,2
S0105,6.01,0.601,0.713,0.58,1,0,CSE,0,0,0,0,0,0,3,3,1,1,3,32,2,4.0,3,0,0,0,4,1,2
S0106,7.87,0.787,0.789,0.8370000000000001,1,1,ECE,0,0,0,0,0,0,2,3,2,2,2,34,1,2.0,4,0,0,0,6,0,3
S0107,6.22,0.622,0.574,0.654,1,0,IT,4,1,1,0,2,4,2,1,0,0,0,6,1,6.0,4,0,0,0,6,3,3
S0108,9.99,0.999,0.968,0.9840000000000001,0,0,CSE,0,0,0,0,0,0,2,2,0,0,0,13,1,2.0,3,0,0,0,3,0,1
S0109,6.55,0.655,0.696,0.705,4,2,IT,4,0,0,2,2,2,2,2,0,0,0,10,2,8.0,5,0,0,0,3,0,1
S0110,6.23,0.623,0.514,0.691,2,2,MBA,2,0,1,0,1,3,2,3,1,2,1,19,1,6.0,3,1,1,1,3,1,1
S0111,8.41,0.841,0.9109999999999999,0.82,1,1,CSE,2,0,0,1,1,2,1,2,0,0,1,6,0,0.0,0,0,0,0,6,2,2
S0112,8.5,0.85,0.937,0.995,0,0,EEE,1,0,0,0,1,1,2,3,1,1,1,29,0,0.0,0,0,0,0,4,1,3
S0113,6.69,0.669,0.653,0.701,0,0,AIML,2,0,0,1,1,2,3,3,2,1,3,29,1,3.0,4,0,0,0,4,1,2
S0114,7.37,0.737,0.672,0.654,1,1,ECE,2,0,0,1,1,2,3,2,0,0,0,13,2,8.0,4,0,0,0,1,0,0
S0115,7.56,0.756,0.9159999999999999,0.871,0,0,CSE,3,0,1,2,0,3,2,3,1,0,1,11,1,1.0,3,0,0,0,6,2,1
S0116,7.31,0.731,0.7090000000000001,0.688,0,0,MECH,1,0,0,0,1,1,2,2,0,0,1,15,0,0.0,0,2,2,2,6,0,2
S0117,6.89,0.689,0.589,0.635,1,0,MECH,2,0,0,1,1,2,2,3,1,1,2,16,0,0.0,0,0,0,0,4,3,4
S0118,8.3,0.8300000000000001,0.8320000000000001,0.878,0,0,MECH,4,0,1,0,3,3,1,2,0,0,1,12,1,1.5,2,0,0,0,6,2,4
S0119,8.33,0.833,0.846,0.909,0,0,AIDS,2,0,1,0,1,3,2,2,0,0,1,11,2,9.0,5,3,4,0,4,1,2
S0120,6.89,0.689,0.691,0.642,1,0,EEE,0,0,0,0,0,0,1,2,0,0,0,6,0,0.0,0,0,0,0,4,0,1
S0121,9.85,0.985,0.833,0.9109999999999999,1,1,AIDS,3,1,1,0,1,4,4,2,0,1,0,24,1,2.0,3,0,0,0,1,0,0
S0122,8.49,0.849,0.775,0.748,0,0,BCA,0,0,0,0,0,0,2,2,0,2,2,14,0,0.0,0,1,2,0,1,0,0
S0123,8.9,0.89,0.8540000000000001,0.735,0,0,CSE,0,0,0,0,0,0,3,2,0,2,2,28,1,3.0,3,0,0,0,4,1,2
S0124,9.93,0.993,0.995,0.995,0,0,MECH,3,1,0,1,1,4,2,2,0,0,0,13,1,6.0,3,0,0,0,4,0,2
S0125,6.15,0.615,0.653,0.787,0,0,IT,0,0,0,0,0,0,3,3,1,1,2,23,0,0.0,0,0,0,0,3,1,0
S0126,7.4,0.74,0.73,0.711,0,0,CIVIL,3,2,1,0,0,4,2,1,0,0,1,7,1,6.0,3,0,0,0,3,0,0
S0127,8.38,0.8380000000000001,0.9420000000000001,0.818,0,0,MECH,2,1,0,0,1,4,2,3,2,2,0,23,0,0.0,0,1,4,0,1,0,0
S0128,6.41,0.641,0.557,0.617,1,1,CSE,1,0,0,1,0,2,1,1,0,0,0,3,0,0.0,0,0,0,0,7,3,2
S0129,8.22,0.8220000000000001,0.8759999999999999,0.813,0,0,IT,1,0,0,1,0,2,4,3,1,1,1,40,1,1.0,1,0,0,0,5,2,4
S0130,9.58,0.958,0.935,0.8740000000000001,0,0,IT,0,0,0,0,0,0,0,0,0,0,0,0,0,0.0,0,0,0,0,1,1,1
S0131,5.2,0.52,0.385,0.401,2,0,CSE,3,0,0,2,1,2,1,3,1,0,1,14,1,3.0,4,0,0,0,3,1,1
S0132,8.46,0.8460000000000001,0.7440000000000001,0.8390000000000001,0,0,AIML,2,0,1,1,0,3,4,2,0,0,2,13,1,6.0,4,0,0,0,4,0,1
S0133,8.82,0.882,0.9420000000000001,0.995,1,1,AIML,2,0,0,1,1,2,1,1,0,0,0,5,1,2.0,4,0,0,0,4,3,2
S0134,7.22,0.722,0.61,0.7190000000000001,0,0,IT,2,0,1,0,1,3,2,1,0,1,2,8,0,0.0,0,0,0,0,3,2,2
S0135,7.52,0.752,0.826,0.8240000000000001,0,0,CSE,4,1,0,1,2,4,3,2,0,1,1,23,0,0.0,0,0,0,0,3,2,2
S0136,8.58,0.858,0.946,0.8290000000000001,0,0,MECH,0,0,0,0,0,0,1,2,0,1,0,5,2,5.0,4,0,0,0,1,0,1
S0137,6.21,0.621,0.54,0.456,1,0,AIML,2,0,1,0,1,3,0,0,0,0,0,0,0,0.0,0,0,0,0,3,1,0
S0138,7.54,0.754,0.586,0.6920000000000001,0,0,CSE,0,0,0,0,0,0,1,1,0,0,1,3,3,9.0,3,1,2,1,2,0,0
S0139,9.63,0.9630000000000001,0.753,0.95,0,0,CIVIL,1,0,0,1,0,2,2,2,0,1,2,18,2,4.0,2,0,0,0,5,1,1
S0140,8.54,0.8539999999999999,0.98,0.965,0,0,ECE,1,0,0,0,1,1,1,1,0,0,1,3,0,0.0,0,0,0,0,3,1,3
S0141,8.52,0.852,0.8220000000000001,0.7190000000000001,0,0,AIML,3,0,2,0,1,3,2,2,0,1,1,16,1,3.0,2,1,2,0,4,2,3
S0142,7.74,0.774,0.731,0.742,0,0,MECH,2,0,0,0,2,1,4,2,0,0,2,28,0,0.0,0,0,0,0,3,0,1
S0143,5.98,0.5980000000000001,0.629,0.737,4,2,CIVIL,3,0,0,2,1,2,2,3,1,1,2,13,1,3.0,2,0,0,0,4,1,1
S0144,7.71,0.771,0.784,0.6859999999999999,0,0,CSE,1,0,0,1,0,2,1,3,1,1,1,12,0,0.0,0,0,0,0,5,1,1
S0145,8.07,0.807,0.782,0.868,1,1,AIML,2,0,0,2,0,2,2,2,0,1,2,16,1,1.0,1,0,0,0,5,0,2
S0146,8.81,0.881,0.9890000000000001,0.987,1,0,AIML,2,0,1,0,1,3,0,0,0,0,0,0,0,0.0,0,0,0,0,5,1,2
S0147,8.14,0.8140000000000001,0.853,0.847,0,0,AIDS,1,0,1,0,0,3,1,1,0,0,1,3,0,0.0,0,0,0,0,6,2,2
S0148,7.68,0.768,0.78,0.718,0,0,ECE,3,0,1,1,1,3,4,3,1,2,2,32,0,0.0,0,0,0,0,1,0,0
S0149,8.14,0.8140000000000001,0.7190000000000001,0.7040000000000001,3,2,ECE,4,0,2,1,1,3,2,1,0,0,0,8,0,0.0,0,0,0,0,4,2,3
S0150,6.66,0.666,0.5710000000000001,0.597,3,1,ECE,0,0,0,0,0,0,2,2,0,0,0,16,1,2.0,4,0,0,0,4,2,2
S0151,8.89,0.889,0.929,0.9840000000000001,0,0,AIML,1,0,0,1,0,2,2,2,0,1,2,15,1,6.0,5,0,0,0,5,2,2
S0152,6.08,0.608,0.61,0.588,1,1,MECH,4,0,2,1,1,3,2,2,0,0,0,9,2,5.0,2,0,0,0,2,0,0
S0153,6.04,0.604,0.5770000000000001,0.674,2,1,AIDS,0,0,0,0,0,0,1,1,0,0,0,4,1,3.0,5,0,0,0,3,0,1
S0154,9.58,0.958,0.875,0.9159999999999999,1,1,EEE,3,2,0,1,0,4,2,2,0,0,1,16,1,2.0,3,0,0,0,4,1,2
S0155,8.36,0.836,0.772,0.701,0,0,MECH,4,2,2,0,0,4,3,2,0,0,1,19,0,0.0,0,0,0,0,3,0,2
S0156,6.57,0.657,0.624,0.685,1,1,AIML,1,0,0,1,0,2,4,3,1,1,2,23,1,1.0,3,0,0,0,3,0,1
S0157,7.96,0.796,0.8059999999999999,0.9259999999999999,0,0,EEE,1,0,0,0,1,1,2,2,0,0,2,7,1,1.0,4,0,0,0,5,1,1
S0158,9.44,0.944,0.961,0.995,0,0,MECH,2,0,1,1,0,3,4,2,0,0,3,20,1,6.0,3,0,0,0,7,0,1
S0159,4.54,0.454,0.6459999999999999,0.6890000000000001,3,0,IT,1,0,0,0,1,1,3,3,1,0,3,27,0,0.0,0,0,0,0,5,1,1
S0160,7.34,0.734,0.72,0.654,0,0,ECE,1,0,0,0,1,1,3,2,0,1,1,17,0,0.0,0,0,0,0,5,1,5
S0161,5.06,0.506,0.561,0.531,5,0,IT,4,0,1,1,2,3,3,3,1,0,1,20,1,2.0,4,0,0,0,4,1,3
S0162,8.48,0.8480000000000001,0.88,0.8320000000000001,0,0,ECE,2,0,1,0,1,3,2,1,0,0,0,8,0,0.0,0,1,4,0,7,2,3
S0163,7.71,0.771,0.818,0.636,1,0,ECE,1,0,1,0,0,3,2,3,2,1,2,28,1,6.0,4,1,1,0,3,1,1
S0164,8.5,0.85,0.9490000000000001,0.91,0,0,CSE,3,1,2,0,0,4,2,3,1,1,1,15,1,2.0,1,0,0,0,3,0,1
S0165,6.73,0.673,0.614,0.626,0,0,AIML,1,0,1,0,0,3,1,3,1,0,0,18,1,2.0,3,0,0,0,4,1,2
S0166,8.07,0.807,0.875,0.826,0,0,EEE,1,0,0,0,1,1,3,3,2,2,2,38,0,0.0,0,0,0,0,1,0,0
S0167,6.49,0.649,0.753,0.6970000000000001,0,0,IT,2,0,0,1,1,2,3,2,0,0,1,20,0,0.0,0,0,0,0,5,2,2
S0168,7.68,0.768,0.682,0.727,0,0,AIDS,2,0,1,1,0,3,2,3,1,0,1,24,1,1.0,3,0,0,0,2,0,1
S0169,7.8,0.78,0.7290000000000001,0.759,1,1,AIDS,3,1,0,2,0,4,2,3,1,1,0,16,0,0.0,0,0,0,0,4,1,1
S0170,6.98,0.6980000000000001,0.665,0.698,2,0,ECE,2,0,0,0,2,1,2,2,0,0,2,9,0,0.0,0,0,0,0,5,1,2
S0171,8.55,0.8550000000000001,0.8059999999999999,0.9009999999999999,0,0,CSE,0,0,0,0,0,0,3,2,0,0,1,13,3,10.0,5,0,0,0,5,1,2
S0172,6.36,0.636,0.5,0.701,1,0,CIVIL,2,0,1,0,1,3,3,2,0,1,1,17,1,1.0,3,1,1,1,5,1,1
S0173,7.06,0.706,0.727,0.879,1,0,AIML,3,0,0,1,2,2,2,3,1,1,2,22,0,0.0,0,1,1,1,7,3,4
S0174,8.24,0.8240000000000001,0.773,0.853,0,0,MECH,2,1,0,1,0,4,3,2,0,1,0,28,0,0.0,0,0,0,0,3,2,2
S0175,9.77,0.977,0.8690000000000001,0.9,0,0,ECE,2,0,0,2,0,2,3,2,0,1,1,18,1,2.0,1,0,0,0,4,2,3
S0176,8.83,0.883,0.789,0.863,0,0,CSE,5,0,3,0,2,3,3,2,0,0,2,24,1,1.0,4,0,0,0,5,1,2
S0177,8.47,0.8470000000000001,0.836,0.745,0,0,CIVIL,0,0,0,0,0,0,1,2,0,1,1,11,1,6.0,5,0,0,0,4,1,1
S0178,9.23,0.923,0.9740000000000001,0.943,0,0,ECE,0,0,0,0,0,0,3,3,2,0,2,37,1,2.0,2,0,0,0,5,1,3
S0179,9.96,0.9960000000000001,0.995,0.995,0,0,AIDS,7,3,1,1,2,4,1,2,0,0,1,9,1,6.0,4,0,0,0,4,1,1
S0180,7.65,0.765,0.767,0.67,0,0,IT,0,0,0,0,0,0,2,2,0,0,1,8,2,8.0,4,1,4,0,3,0,0
S0181,9.14,0.914,0.97,0.978,0,0,CSE,1,0,0,0,1,1,2,2,0,0,0,13,1,1.0,2,0,0,0,5,1,2
S0182,6.02,0.602,0.774,0.659,1,1,AIDS,0,0,0,0,0,0,1,2,0,0,0,10,0,0.0,0,0,0,0,5,1,2
S0183,6.65,0.665,0.6629999999999999,0.69,3,0,MECH,2,0,0,0,2,1,2,2,0,0,1,16,1,1.5,2,1,2,0,3,0,0
S0184,6.35,0.635,0.594,0.715,3,2,AIDS,2,0,1,1,0,3,2,2,0,0,1,11,0,0.0,0,0,0,0,4,2,2
S0185,8.85,0.885,0.8740000000000001,0.932,0,0,AIML,3,1,1,1,0,4,3,2,0,2,1,19,0,0.0,0,0,0,0,6,5,4
S0186,7.2,0.72,0.722,0.637,0,0,ECE,3,0,0,0,3,1,1,2,0,1,1,9,2,5.0,3,0,0,0,6,2,1
S0187,5.49,0.549,0.56,0.588,1,1,BCA,1,0,0,1,0,2,2,1,0,0,0,10,0,0.0,0,0,0,0,3,0,2
S0188,9.25,0.925,0.857,0.995,1,0,BCA,2,0,0,0,2,1,1,3,1,1,1,10,1,1.0,2,0,0,0,6,2,5
S0189,4.51,0.45099999999999996,0.5479999999999999,0.45399999999999996,1,1,MBA,0,0,0,0,0,0,1,3,1,0,1,18,1,3.0,5,0,0,0,4,1,3
S0190,8.23,0.8230000000000001,0.8420000000000001,0.795,1,1,MBA,7,1,2,3,1,4,3,2,0,0,0,21,0,0.0,0,0,0,0,3,0,0
S0191,8.82,0.882,0.995,0.888,0,0,AIDS,0,0,0,0,0,0,1,1,0,0,0,6,2,4.0,5,0,0,0,3,0,0
S0192,9.69,0.969,0.9079999999999999,0.995,0,0,AIML,2,0,0,0,2,1,3,1,0,0,1,12,0,0.0,0,0,0,0,3,0,0
S0193,8.09,0.8089999999999999,0.8740000000000001,0.925,0,0,BCA,2,0,0,2,0,2,2,2,0,0,1,17,2,4.0,5,2,5,2,2,0,1
S0194,9.62,0.962,0.9570000000000001,0.865,0,0,AIML,0,0,0,0,0,0,2,2,0,0,0,7,2,7.5,3,1,1,0,5,2,2
S0195,8.46,0.8460000000000001,0.9329999999999999,0.9,0,0,CSE,1,0,0,1,0,2,0,0,0,0,0,0,1,2.0,1,0,0,0,2,0,0
S0196,6.73,0.673,0.569,0.606,2,2,AIDS,1,0,0,0,1,1,2,1,0,0,2,6,2,9.0,5,1,1,1,2,1,2
S0197,7.7,0.77,0.86,0.845,0,0,MECH,0,0,0,0,0,0,0,0,0,0,0,0,2,9.0,4,0,0,0,2,1,1
S0198,6.64,0.6639999999999999,0.596,0.635,0,0,AIML,4,1,1,1,1,4,3,3,1,2,2,31,0,0.0,0,0,0,0,6,2,1
S0199,8.93,0.893,0.816,0.995,0,0,CIVIL,3,1,0,2,0,4,2,2,0,0,2,13,0,0.0,0,0,0,0,3,1,2
S0200,9.34,0.9339999999999999,0.951,0.9520000000000001,0,0,AIDS,3,1,0,0,2,4,0,0,0,0,0,0,4,13.0,5,0,0,0,6,1,3
S0201,5.91,0.591,0.654,0.599,5,1,AIML,2,0,0,1,1,2,3,3,1,1,3,22,1,2.0,3,0,0,0,4,1,3
S0202,9.77,0.977,0.995,0.995,0,0,CSE,3,0,1,0,2,3,2,2,0,0,2,8,2,6.0,4,0,0,0,4,1,1
S0203,9.92,0.992,0.9490000000000001,0.951,0,0,CSE,1,0,0,0,1,1,3,2,0,0,1,27,1,2.0,5,0,0,0,4,0,1
S0204,7.52,0.752,0.797,0.7340000000000001,0,0,IT,1,0,0,0,1,1,2,2,0,0,0,17,1,3.0,2,0,0,0,3,0,1
S0205,6.43,0.643,0.693,0.603,4,0,CSE,0,0,0,0,0,0,3,2,0,0,0,20,2,6.0,4,1,1,0,2,0,0
S0206,9.86,0.986,0.9470000000000001,0.995,0,0,CSE,3,0,1,2,0,3,3,2,0,1,0,23,4,17.0,5,2,5,1,3,1,1
S0207,7.43,0.743,0.8270000000000001,0.8270000000000001,0,0,CSE,2,0,0,1,1,2,1,1,0,0,1,5,1,2.0,2,1,3,1,4,1,1
S0208,7.58,0.758,0.684,0.7929999999999999,0,0,ECE,0,0,0,0,0,0,3,3,1,2,3,28,1,2.0,4,0,0,0,4,1,1
S0209,7.99,0.799,0.752,0.8009999999999999,1,1,ECE,2,0,0,0,2,1,4,2,0,1,0,23,0,0.0,0,0,0,0,2,0,2
S0210,6.11,0.611,0.665,0.672,1,0,AIDS,0,0,0,0,0,0,3,2,0,1,1,17,1,2.0,1,0,0,0,4,1,3
S0211,8.66,0.866,0.941,0.9620000000000001,0,0,ECE,0,0,0,0,0,0,4,2,0,0,4,26,0,0.0,0,0,0,0,5,1,2
S0212,4.08,0.40800000000000003,0.40700000000000003,0.365,2,0,CIVIL,0,0,0,0,0,0,2,3,1,1,1,13,1,3.0,4,0,0,0,5,1,2
S0213,6.41,0.641,0.7659999999999999,0.82,2,0,CSE,4,1,1,0,2,4,2,3,1,0,2,24,1,1.5,2,0,0,0,4,1,1
S0214,6.82,0.682,0.7240000000000001,0.7909999999999999,1,0,AIML,0,0,0,0,0,0,1,1,0,0,0,2,2,5.0,4,0,0,0,4,1,3
S0215,7.21,0.721,0.718,0.682,0,0,CSE,5,1,2,1,1,4,2,2,0,1,1,22,1,3.0,4,0,0,0,1,0,1
S0216,8.24,0.8240000000000001,0.7290000000000001,0.715,3,0,AIDS,4,0,1,1,2,3,3,2,0,1,2,35,0,0.0,0,0,0,0,5,2,3
S0217,7.59,0.759,0.919,0.845,0,0,ECE,4,0,1,2,1,3,3,1,0,0,0,14,0,0.0,0,1,1,1,3,0,1
S0218,7.39,0.739,0.922,0.795,0,0,IT,3,0,1,2,0,3,2,2,0,1,1,13,0,0.0,0,0,0,0,4,1,0
S0219,7.7,0.77,0.657,0.784,0,0,CSE,4,0,1,3,0,3,2,3,1,0,2,19,1,2.0,3,0,0,0,4,1,1
S0220,7.0,0.7,0.6920000000000001,0.6409999999999999,0,0,CIVIL,0,0,0,0,0,0,1,2,0,0,1,4,0,0.0,0,0,0,0,2,0,0
S0221,6.51,0.651,0.684,0.7809999999999999,0,0,CIVIL,2,0,0,1,1,2,2,3,1,1,1,20,0,0.0,0,0,0,0,4,0,1
S0222,9.0,0.9,0.866,0.84,1,1,MECH,1,0,0,0,1,1,3,3,2,1,2,30,1,3.0,3,0,0,0,3,1,2
S0223,6.78,0.678,0.555,0.61,1,1,BCA,1,0,0,1,0,2,0,0,0,0,0,0,2,8.0,4,0,0,0,2,0,0
S0224,8.25,0.825,0.955,0.951,1,1,CSE,1,0,0,0,1,1,2,3,1,1,0,20,1,1.0,2,0,0,0,2,0,1
S0225,6.09,0.609,0.5820000000000001,0.586,1,1,CSE,3,0,2,1,0,3,2,2,0,2,2,24,1,1.0,2,2,1,0,2,0,1
S0226,4.42,0.442,0.385,0.425,1,1,EEE,0,0,0,0,0,0,2,3,1,1,0,13,0,0.0,0,0,0,0,1,1,1
S0227,9.27,0.9269999999999999,0.941,0.945,0,0,CSE,3,2,0,1,0,4,0,0,0,0,0,0,0,0.0,0,0,0,0,6,1,4
S0228,6.1,0.61,0.705,0.591,3,2,CSE,0,0,0,0,0,0,2,1,0,0,1,5,0,0.0,0,0,0,0,2,0,1
S0229,9.51,0.951,0.995,0.9259999999999999,0,0,AIML,0,0,0,0,0,0,0,0,0,0,0,0,1,1.0,2,2,3,2,3,0,0
S0230,8.21,0.8210000000000001,0.9259999999999999,0.863,3,1,AIML,4,1,0,2,1,4,0,0,0,0,0,0,0,0.0,0,4,2,1,5,1,2
S0231,7.57,0.757,0.725,0.853,1,1,MECH,6,0,1,2,3,3,2,2,0,0,2,11,0,0.0,0,0,0,0,5,3,2
S0232,8.84,0.884,0.9279999999999999,0.882,0,0,AIDS,3,1,0,2,0,4,0,0,0,0,0,0,2,7.5,3,1,1,0,1,1,1
S0233,8.57,0.857,0.9009999999999999,0.8490000000000001,1,1,MECH,1,0,0,0,1,1,0,0,0,0,0,0,1,1.5,2,1,2,1,1,0,1
S0234,9.84,0.984,0.8859999999999999,0.797,0,0,CSE,6,1,2,2,1,4,1,2,0,0,0,8,1,2.0,4,0,0,0,3,1,1
S0235,8.34,0.834,0.775,0.8009999999999999,0,0,IT,4,0,1,1,2,3,1,2,0,0,1,8,1,1.5,2,0,0,0,2,1,1
S0236,6.12,0.612,0.608,0.61,0,0,AIML,3,1,1,0,1,4,2,3,1,0,2,22,2,3.0,4,0,0,0,5,3,2
S0237,7.55,0.755,0.6659999999999999,0.606,1,1,ECE,1,0,0,0,1,1,1,3,1,1,1,11,1,3.0,4,0,0,0,2,0,0
S0238,7.82,0.782,0.8009999999999999,0.956,0,0,EEE,1,0,0,1,0,2,4,3,2,3,4,36,0,0.0,0,0,0,0,5,1,0
S0239,8.42,0.842,0.89,0.86,0,0,AIML,2,0,0,0,2,1,4,2,0,2,2,23,0,0.0,0,1,2,1,6,1,3
S0240,6.47,0.647,0.721,0.657,1,0,CIVIL,0,0,0,0,0,0,3,1,0,1,0,12,4,12.0,4,0,0,0,5,0,2
S0241,6.56,0.6559999999999999,0.616,0.5529999999999999,3,0,AIDS,0,0,0,0,0,0,0,0,0,0,0,0,2,3.0,3,0,0,0,3,0,1
S0242,6.36,0.636,0.787,0.649,3,1,EEE,1,0,0,0,1,1,2,3,1,0,2,16,0,0.0,0,0,0,0,7,1,3
S0243,6.9,0.6900000000000001,0.664,0.631,0,0,CSE,4,0,1,1,2,3,2,2,0,1,2,7,2,6.0,2,0,0,0,3,1,2
S0244,8.94,0.8939999999999999,0.815,0.89,0,0,IT,4,2,0,1,1,4,4,2,0,1,3,19,1,3.0,2,1,1,0,4,2,2
S0245,7.63,0.763,0.726,0.8370000000000001,0,0,MECH,0,0,0,0,0,0,3,2,0,1,1,15,2,3.0,1,0,0,0,3,0,0
S0246,8.84,0.884,0.743,0.8079999999999999,0,0,AIML,3,1,1,0,1,4,3,2,0,0,3,16,2,4.0,4,0,0,0,2,0,1
S0247,7.57,0.757,0.7340000000000001,0.763,0,0,CIVIL,0,0,0,0,0,0,2,2,0,0,1,10,1,2.0,3,0,0,0,3,1,1
S0248,8.94,0.8939999999999999,0.893,0.785,0,0,CSE,1,0,0,0,1,1,2,3,1,1,2,25,1,2.0,1,0,0,0,3,1,2
S0249,7.14,0.714,0.708,0.69,0,0,AIDS,4,1,0,3,0,4,4,3,1,1,2,39,0,0.0,0,0,0,0,5,1,3
S0250,8.1,0.8099999999999999,0.99,0.898,1,0,AIML,2,0,0,0,2,1,2,3,1,0,2,19,1,3.0,5,0,0,0,4,0,2
S0251,8.65,0.865,0.883,0.924,0,0,CSE,0,0,0,0,0,0,0,0,0,0,0,0,0,0.0,0,0,0,0,2,0,1
S0252,6.22,0.622,0.556,0.629,1,1,CIVIL,4,2,2,0,0,4,2,2,0,1,0,13,1,3.0,5,0,0,0,4,1,3
S0253,6.35,0.635,0.664,0.586,1,1,MECH,3,1,1,1,0,4,4,3,2,1,1,34,0,0.0,0,0,0,0,6,1,3
S0254,6.86,0.686,0.649,0.7190000000000001,3,1,ECE,2,0,0,1,1,2,1,1,0,0,0,2,1,1.0,1,1,2,1,3,0,1
S0255,8.26,0.826,0.866,0.7909999999999999,3,2,EEE,6,1,3,2,0,4,1,3,1,0,1,17,0,0.0,0,0,0,0,3,3,3
S0256,7.17,0.717,0.804,0.77,2,2,CSE,2,0,0,0,2,1,2,2,0,0,0,10,0,0.0,0,0,0,0,4,2,1
S0257,6.47,0.647,0.545,0.512,1,1,IT,3,0,0,0,3,1,1,1,0,0,0,3,2,7.0,3,1,2,0,2,0,1
S0258,4.55,0.45499999999999996,0.43200000000000005,0.48,1,0,EEE,0,0,0,0,0,0,1,2,0,0,1,11,1,6.0,4,1,2,1,4,0,1
S0259,8.6,0.86,0.995,0.91,0,0,EEE,0,0,0,0,0,0,1,1,0,0,0,3,0,0.0,0,1,2,1,5,0,2
S0260,7.75,0.775,0.855,0.7240000000000001,0,0,IT,0,0,0,0,0,0,3,2,0,0,0,18,1,6.0,4,0,0,0,4,1,1
S0261,8.03,0.8029999999999999,0.7020000000000001,0.701,0,0,MECH,2,0,0,1,1,2,2,2,0,0,1,8,1,2.0,3,0,0,0,5,1,1
S0262,8.13,0.8130000000000001,0.732,0.731,0,0,EEE,2,0,0,1,1,2,2,1,0,0,2,11,1,6.0,3,0,0,0,6,3,2
S0263,7.74,0.774,0.669,0.63,1,0,MECH,4,1,1,2,0,4,3,3,3,2,2,42,1,3.0,2,0,0,0,3,0,1
S0264,7.84,0.784,0.7170000000000001,0.691,0,0,CSE,6,0,1,2,3,3,1,1,0,0,1,3,2,3.0,4,0,0,0,3,0,0
S0265,7.17,0.717,0.713,0.69,0,0,CSE,4,1,0,2,1,4,2,3,1,1,1,18,0,0.0,0,0,0,0,4,2,3
S0266,7.21,0.721,0.669,0.738,1,0,MECH,1,0,0,0,1,1,2,2,0,0,0,14,0,0.0,0,0,0,0,4,0,2
S0267,6.69,0.669,0.613,0.715,2,2,AIDS,0,0,0,0,0,0,1,1,0,0,0,3,1,6.0,3,0,0,0,6,1,2
S0268,6.01,0.601,0.655,0.43,2,2,ECE,1,0,0,1,0,2,1,3,1,0,0,19,1,1.0,1,1,1,0,3,1,1
S0269,8.01,0.8009999999999999,0.821,0.768,0,0,MBA,4,0,2,0,2,3,3,2,0,0,2,16,1,3.0,3,0,0,0,6,3,2
S0270,6.03,0.603,0.489,0.45399999999999996,1,1,CIVIL,4,0,2,2,0,3,2,2,0,1,0,17,2,5.0,4,0,0,0,4,0,1
S0271,8.55,0.8550000000000001,0.899,0.995,0,0,ECE,1,0,1,0,0,3,4,2,0,1,2,31,2,4.5,5,0,0,0,4,1,2
S0272,6.48,0.648,0.569,0.532,2,0,AIML,3,1,1,0,1,4,3,3,1,1,1,17,0,0.0,0,0,0,0,3,0,1
S0273,6.24,0.624,0.6679999999999999,0.73,4,1,MECH,0,0,0,0,0,0,1,2,0,0,0,11,0,0.0,0,0,0,0,3,0,2
S0274,9.05,0.905,0.879,0.978,0,0,ECE,4,1,0,1,2,4,1,1,0,0,1,5,1,3.0,2,0,0,0,4,2,2
S0275,8.59,0.859,0.991,0.855,0,0,AIML,0,0,0,0,0,0,2,3,1,1,0,17,1,2.0,1,0,0,0,1,0,1
S0276,9.79,0.9789999999999999,0.995,0.968,0,0,ECE,0,0,0,0,0,0,0,0,0,0,0,0,1,3.0,3,2,5,1,4,0,1
S0277,7.78,0.778,0.8140000000000001,0.7559999999999999,0,0,EEE,0,0,0,0,0,0,2,3,1,1,2,23,0,0.0,0,0,0,0,4,1,1
S0278,7.1,0.71,0.7140000000000001,0.665,0,0,BCA,3,1,1,1,0,4,0,0,0,0,0,0,0,0.0,0,0,0,0,3,0,1
S0279,8.32,0.8320000000000001,0.7340000000000001,0.7609999999999999,2,0,IT,2,0,0,1,1,2,1,2,0,0,1,7,0,0.0,0,0,0,0,4,1,1
S0280,7.29,0.729,0.732,0.65,1,1,MECH,1,1,0,0,0,4,2,3,2,2,2,26,0,0.0,0,1,1,0,3,2,0
S0281,8.09,0.8089999999999999,0.879,0.894,2,2,CIVIL,0,0,0,0,0,0,1,1,0,0,1,3,1,2.0,1,2,1,1,4,0,0
S0282,8.06,0.806,0.835,0.912,1,0,CSE,1,0,1,0,0,3,2,1,0,0,1,9,1,1.0,4,0,0,0,6,2,2
S0283,9.3,0.93,0.9890000000000001,0.995,0,0,ECE,0,0,0,0,0,0,0,0,0,0,0,0,1,6.0,4,0,0,0,4,1,2
S0284,8.65,0.865,0.985,0.9229999999999999,0,0,MECH,3,0,0,1,2,2,3,2,0,0,1,16,0,0.0,0,1,2,1,3,1,1
S0285,6.47,0.647,0.48200000000000004,0.504,1,1,ECE,4,0,2,0,2,3,2,1,0,0,2,10,4,5.5,4,0,0,0,3,1,2
S0286,9.27,0.9269999999999999,0.929,0.995,0,0,AIML,3,1,1,1,0,4,2,2,0,1,1,13,2,5.0,4,0,0,0,7,2,3
S0287,6.86,0.686,0.507,0.579,0,0,CSE,0,0,0,0,0,0,1,2,0,0,0,5,0,0.0,0,0,0,0,7,0,3
S0288,4.45,0.445,0.517,0.5710000000000001,0,0,ECE,2,0,0,1,1,2,1,3,1,1,1,20,1,3.0,3,1,2,1,3,0,0
S0289,7.26,0.726,0.6809999999999999,0.7120000000000001,0,0,CSE,6,1,1,1,3,4,3,2,0,1,1,22,1,1.0,3,4,5,2,6,1,1
S0290,6.17,0.617,0.71,0.583,2,0,CSE,1,0,0,1,0,2,3,2,0,1,2,21,2,4.5,2,0,0,0,6,2,1
S0291,7.85,0.7849999999999999,0.736,0.7090000000000001,0,0,MBA,3,0,3,0,0,3,1,2,0,1,0,5,0,0.0,0,0,0,0,7,1,2
S0292,9.63,0.9630000000000001,0.995,0.983,0,0,AIML,2,0,0,0,2,1,1,1,0,0,0,2,0,0.0,0,1,2,1,5,2,3
S0293,6.91,0.6910000000000001,0.733,0.731,3,0,AIDS,2,1,0,0,1,4,2,1,0,0,0,5,1,6.0,4,0,0,0,4,1,2
S0294,7.27,0.727,0.924,0.789,0,0,CSE,2,0,0,0,2,1,3,3,2,2,3,42,0,0.0,0,2,2,2,2,0,1
S0295,9.31,0.931,0.927,0.991,0,0,AIDS,1,0,1,0,0,3,2,3,1,2,2,20,1,6.0,4,0,0,0,3,0,1
S0296,8.72,0.8720000000000001,0.8320000000000001,0.871,0,0,IT,2,0,0,0,2,1,2,1,0,0,0,7,3,6.0,3,0,0,0,6,1,2
S0297,8.92,0.892,0.9640000000000001,0.995,0,0,CSE,1,0,0,1,0,2,3,3,3,0,3,44,1,3.0,5,0,0,0,4,2,3
S0298,6.77,0.6769999999999999,0.6990000000000001,0.633,1,0,CSE,2,1,0,0,1,4,0,0,0,0,0,0,0,0.0,0,0,0,0,3,0,2
S0299,4.92,0.492,0.588,0.657,2,1,AIML,4,1,1,2,0,4,2,1,0,0,1,8,0,0.0,0,2,2,2,4,1,0
S0300,8.18,0.818,0.77,0.987,0,0,AIML,4,0,2,1,1,3,1,3,1,1,0,13,1,3.0,3,0,0,0,3,0,1
S0301,8.6,0.86,0.877,0.902,0,0,CIVIL,0,0,0,0,0,0,1,1,0,0,0,3,0,0.0,0,0,0,0,4,0,1
S0302,7.45,0.745,0.823,0.733,0,0,AIDS,1,0,0,0,1,1,2,3,1,0,1,24,1,1.0,4,0,0,0,4,0,2
S0303,7.7,0.77,0.716,0.6409999999999999,0,0,CSE,0,0,0,0,0,0,1,1,0,0,1,3,1,2.0,3,0,0,0,4,1,3
S0304,7.9,0.79,0.76,0.8270000000000001,1,0,IT,0,0,0,0,0,0,1,1,0,0,1,4,0,0.0,0,0,0,0,4,1,2
S0305,6.41,0.641,0.588,0.5479999999999999,0,0,AIML,0,0,0,0,0,0,4,2,0,0,0,29,2,4.0,4,2,3,1,5,1,2
S0306,6.84,0.6839999999999999,0.794,0.627,3,0,CSE,4,1,1,1,1,4,4,3,1,2,3,41,1,1.5,2,2,2,1,2,1,1
S0307,6.56,0.6559999999999999,0.61,0.722,1,0,ECE,0,0,0,0,0,0,3,2,0,1,2,17,1,1.0,2,2,2,2,6,2,3
S0308,7.72,0.772,0.7829999999999999,0.767,0,0,ECE,4,0,2,1,1,3,2,3,1,1,2,18,1,2.0,1,0,0,0,6,1,2
S0309,9.68,0.968,0.879,0.995,0,0,CSE,4,0,0,0,4,1,3,3,3,2,1,57,1,1.0,3,0,0,0,7,1,1
S0310,8.4,0.8400000000000001,0.995,0.995,0,0,AIDS,0,0,0,0,0,0,4,3,1,1,1,33,2,5.0,4,0,0,0,6,3,2
S0311,6.19,0.619,0.8009999999999999,0.75,0,0,CSE,1,0,0,1,0,2,2,2,0,1,0,13,1,3.0,3,1,1,1,7,1,3
S0312,8.4,0.8400000000000001,0.87,0.88,0,0,MECH,4,0,0,1,3,2,2,1,0,0,0,7,1,6.0,5,1,2,1,6,1,1
S0313,5.37,0.537,0.54,0.414,1,1,AIML,1,1,0,0,0,4,2,1,0,1,0,6,1,1.0,2,0,0,0,3,0,1
S0314,8.6,0.86,0.872,0.8009999999999999,0,0,AIDS,3,3,0,0,0,4,1,2,0,1,1,10,1,3.0,5,0,0,0,4,1,1
S0315,8.97,0.897,0.879,0.765,1,1,BCA,3,0,0,2,1,2,3,2,0,0,1,23,0,0.0,0,0,0,0,4,0,0
S0316,6.59,0.659,0.742,0.601,1,0,CSE,0,0,0,0,0,0,3,3,1,0,1,32,0,0.0,0,0,0,0,6,1,1
S0317,9.14,0.914,0.907,0.956,0,0,AIDS,1,0,0,0,1,1,3,3,1,1,2,32,1,2.0,4,0,0,0,5,2,4
S0318,6.34,0.634,0.6729999999999999,0.527,3,0,IT,0,0,0,0,0,0,2,3,1,0,0,18,1,2.0,1,0,0,0,7,0,1
S0319,6.08,0.608,0.648,0.66,1,1,CSE,2,0,0,2,0,2,1,1,0,0,1,6,0,0.0,0,0,0,0,5,1,1
S0320,6.85,0.6849999999999999,0.67,0.674,2,1,CIVIL,2,0,0,0,2,1,1,3,1,1,0,11,1,1.0,3,0,0,0,3,2,1
S0321,8.26,0.826,0.894,0.78,0,0,CSE,0,0,0,0,0,0,2,2,0,1,1,16,1,3.0,5,0,0,0,2,0,0
S0322,8.13,0.8130000000000001,0.852,0.899,1,1,CIVIL,1,0,0,1,0,2,3,3,1,0,3,20,1,2.0,1,0,0,0,3,1,1
S0323,6.83,0.683,0.667,0.6559999999999999,3,1,AIDS,0,0,0,0,0,0,2,2,0,1,1,18,1,3.0,2,0,0,0,5,1,2
S0324,7.42,0.742,0.708,0.758,0,0,MECH,0,0,0,0,0,0,2,3,1,1,1,28,0,0.0,0,0,0,0,3,0,2
S0325,8.09,0.8089999999999999,0.866,0.8370000000000001,3,0,ECE,0,0,0,0,0,0,2,2,0,1,1,6,0,0.0,0,0,0,0,3,0,1
S0326,8.87,0.8869999999999999,0.853,0.87,0,0,CIVIL,2,0,0,0,2,1,1,2,0,0,0,7,2,3.0,4,0,0,0,4,0,2
S0327,7.55,0.755,0.8220000000000001,0.716,0,0,MECH,0,0,0,0,0,0,2,2,0,0,1,14,0,0.0,0,0,0,0,3,1,1
S0328,6.32,0.632,0.7809999999999999,0.713,1,0,IT,0,0,0,0,0,0,1,1,0,0,1,2,3,6.0,4,0,0,0,6,1,4
S0329,7.47,0.747,0.605,0.5429999999999999,1,1,AIML,0,0,0,0,0,0,2,2,0,0,0,11,1,1.0,4,0,0,0,3,0,2
S0330,9.5,0.95,0.893,0.8590000000000001,0,0,ECE,2,0,0,0,2,1,3,3,1,1,3,18,0,0.0,0,0,0,0,5,0,1
S0331,6.51,0.651,0.611,0.46,1,0,CSE,0,0,0,0,0,0,3,3,1,1,1,21,1,1.0,3,0,0,0,5,4,3
S0332,8.17,0.817,0.866,0.825,1,1,MBA,0,0,0,0,0,0,2,3,1,1,1,17,0,0.0,0,0,0,0,4,0,0
S0333,6.39,0.639,0.7709999999999999,0.764,4,2,MBA,1,0,0,0,1,1,2,3,1,1,2,14,1,3.0,2,0,0,0,5,0,1
S0334,8.33,0.833,0.8809999999999999,0.826,0,0,IT,1,0,0,0,1,1,1,3,1,1,1,17,3,7.0,5,0,0,0,3,0,0
S0335,7.07,0.7070000000000001,0.574,0.585,0,0,CSE,0,0,0,0,0,0,2,3,1,2,1,19,2,4.0,4,0,0,0,5,2,3
S0336,6.17,0.617,0.654,0.67,2,0,CSE,1,0,0,0,1,1,2,2,0,0,0,9,3,6.5,5,0,0,0,4,1,2
S0337,9.43,0.943,0.8270000000000001,0.9,0,0,IT,3,0,0,2,1,2,3,2,0,1,1,22,2,3.0,5,0,0,0,2,0,1
S0338,8.2,0.82,0.841,0.8640000000000001,0,0,MECH,0,0,0,0,0,0,2,2,0,1,1,6,0,0.0,0,0,0,0,3,2,2
S0339,6.65,0.665,0.708,0.512,1,1,CSE,1,1,0,0,0,4,2,3,1,1,2,19,0,0.0,0,0,0,0,3,1,2
S0340,9.93,0.993,0.995,0.956,0,0,AIML,4,0,2,2,0,3,1,2,0,0,1,5,2,5.0,5,0,0,0,5,1,3
S0341,9.3,0.93,0.995,0.976,0,0,MBA,4,1,1,1,1,4,2,3,1,0,1,21,1,1.0,1,0,0,0,4,0,1
S0342,7.9,0.79,0.792,0.768,0,0,AIML,0,0,0,0,0,0,0,0,0,0,0,0,0,0.0,0,1,1,0,5,0,1
S0343,6.77,0.6769999999999999,0.7090000000000001,0.675,2,2,EEE,2,0,0,2,0,2,4,1,0,0,2,20,0,0.0,0,0,0,0,5,1,3
S0344,6.1,0.61,0.733,0.5710000000000001,1,1,MBA,1,0,0,0,1,1,3,2,0,1,1,26,0,0.0,0,0,0,0,3,2,2
S0345,7.52,0.752,0.871,0.845,1,1,ECE,0,0,0,0,0,0,3,3,1,0,1,24,1,6.0,3,0,0,0,5,2,3
S0346,6.47,0.647,0.56,0.6509999999999999,2,1,AIDS,2,1,0,0,1,4,2,3,1,1,2,23,0,0.0,0,0,0,0,3,2,2
S0347,6.82,0.682,0.521,0.5870000000000001,2,1,AIDS,1,0,0,0,1,1,4,3,1,2,1,22,0,0.0,0,0,0,0,4,1,1
S0348,5.54,0.554,0.562,0.639,1,1,IT,1,0,0,0,1,1,1,1,0,0,1,2,1,3.0,4,0,0,0,6,2,3
S0349,9.77,0.977,0.9570000000000001,0.995,0,0,MBA,2,1,0,1,0,4,2,2,0,0,0,9,1,6.0,3,0,0,0,2,0,0
S0350,7.15,0.7150000000000001,0.565,0.721,1,1,CIVIL,3,0,1,1,1,3,1,2,0,1,0,11,2,5.0,2,2,3,0,6,1,3
S0351,4.78,0.47800000000000004,0.419,0.43,0,0,ECE,2,0,0,1,1,2,2,2,0,0,1,16,0,0.0,0,0,0,0,4,1,2
S0352,9.37,0.9369999999999999,0.8759999999999999,0.8590000000000001,0,0,EEE,4,1,1,1,1,4,1,1,0,0,0,6,1,2.0,2,0,0,0,1,0,0
S0353,6.03,0.603,0.56,0.584,0,0,ECE,4,0,0,3,1,2,2,3,1,1,0,24,2,6.0,3,0,0,0,3,0,0
S0354,9.63,0.9630000000000001,0.995,0.995,0,0,IT,0,0,0,0,0,0,3,3,1,1,2,21,0,0.0,0,0,0,0,3,1,3
S0355,7.95,0.795,0.99,0.8859999999999999,3,1,MECH,0,0,0,0,0,0,2,1,0,0,0,10,0,0.0,0,0,0,0,4,2,2
S0356,8.05,0.805,0.904,0.8079999999999999,1,1,IT,1,0,0,1,0,2,1,2,0,0,0,9,1,6.0,3,0,0,0,1,1,1
S0357,7.08,0.708,0.693,0.805,0,0,EEE,2,0,0,0,2,1,3,2,0,0,0,14,0,0.0,0,0,0,0,4,1,0
S0358,8.26,0.826,0.7659999999999999,0.728,1,1,ECE,0,0,0,0,0,0,3,2,0,2,1,15,2,5.0,3,0,0,0,3,2,3
S0359,7.24,0.724,0.9179999999999999,0.79,1,0,CSE,3,1,1,0,1,4,2,2,0,0,0,11,0,0.0,0,0,0,0,2,1,1
S0360,9.9,0.99,0.9059999999999999,0.976,0,0,EEE,0,0,0,0,0,0,2,2,0,0,0,10,1,2.0,3,0,0,0,3,1,1
S0361,7.88,0.788,0.858,0.68,2,2,CSE,1,0,0,1,0,2,0,0,0,0,0,0,0,0.0,0,1,3,1,6,1,2
S0362,8.89,0.889,0.838,0.995,0,0,AIDS,4,0,3,0,1,3,2,2,0,0,1,19,1,1.0,1,0,0,0,5,1,3
S0363,8.57,0.857,0.745,0.732,0,0,CIVIL,4,1,1,0,2,4,3,3,1,1,1,24,0,0.0,0,0,0,0,4,1,3
S0364,6.53,0.653,0.57,0.63,2,2,IT,2,0,1,1,0,3,4,3,2,2,3,32,0,0.0,0,0,0,0,4,0,1
S0365,8.5,0.85,0.757,0.752,0,0,AIML,2,0,0,0,2,1,3,2,0,0,2,18,2,7.0,4,0,0,0,3,0,1
S0366,6.98,0.6980000000000001,0.62,0.7120000000000001,0,0,CSE,4,1,1,2,0,4,3,2,0,2,2,18,0,0.0,0,0,0,0,4,1,2
S0367,8.61,0.861,0.8190000000000001,0.948,0,0,ECE,3,2,0,0,1,4,3,2,0,0,1,24,1,1.5,2,0,0,0,3,1,1
S0368,9.29,0.9289999999999999,0.9790000000000001,0.8490000000000001,0,0,CSE,1,0,1,0,0,3,2,2,0,0,2,11,1,3.0,5,1,3,0,3,0,1
S0369,5.86,0.5860000000000001,0.546,0.682,2,0,AIDS,1,0,0,0,1,1,1,1,0,0,0,4,0,0.0,0,0,0,0,5,2,1
S0370,8.49,0.849,0.77,0.785,3,0,ECE,2,0,0,2,0,2,3,2,0,0,1,14,0,0.0,0,0,0,0,5,1,2
S0371,8.4,0.8400000000000001,0.7509999999999999,0.88,1,1,CSE,1,0,0,0,1,1,2,1,0,0,0,8,1,6.0,3,0,0,0,7,1,1
S0372,6.88,0.688,0.687,0.72,1,1,AIDS,4,0,0,3,1,2,1,1,0,0,0,4,0,0.0,0,0,0,0,2,1,1
S0373,7.7,0.77,0.7759999999999999,0.665,1,0,IT,4,1,0,2,1,4,3,2,0,1,1,18,1,2.0,4,1,3,1,4,1,0
S0374,7.66,0.766,0.639,0.775,0,0,ECE,0,0,0,0,0,0,4,3,1,1,3,29,0,0.0,0,0,0,0,6,1,2
S0375,6.68,0.6679999999999999,0.789,0.777,3,2,BCA,0,0,0,0,0,0,1,1,0,0,0,2,1,2.0,3,1,2,1,2,1,1
S0376,8.44,0.844,0.8390000000000001,0.765,1,1,MBA,3,0,1,0,2,3,3,2,0,0,1,10,1,1.0,2,0,0,0,3,3,2
S0377,6.99,0.6990000000000001,0.792,0.742,1,1,AIML,3,0,0,1,2,2,1,1,0,0,1,6,1,1.0,3,0,0,0,6,0,2
S0378,7.69,0.769,0.68,0.732,0,0,AIDS,0,0,0,0,0,0,4,1,0,0,1,12,4,5.0,3,0,0,0,4,2,2
S0379,8.44,0.844,0.8059999999999999,0.7340000000000001,1,0,AIML,3,0,1,1,1,3,1,2,0,1,0,10,1,1.0,4,0,0,0,6,1,4
S0380,7.04,0.704,0.7040000000000001,0.708,0,0,CSE,0,0,0,0,0,0,2,2,0,0,1,12,1,6.0,4,0,0,0,6,0,1
S0381,6.14,0.614,0.49,0.603,1,1,AIDS,4,0,2,1,1,3,4,3,1,1,2,28,2,3.0,4,2,1,1,4,0,0
S0382,6.69,0.669,0.669,0.636,3,0,MECH,2,0,0,2,0,2,1,1,0,0,1,6,1,1.0,2,0,0,0,5,1,3
S0383,6.41,0.641,0.693,0.742,1,1,MECH,1,0,0,0,1,1,3,2,0,1,1,9,1,1.0,1,1,1,1,4,1,1
S0384,8.47,0.8470000000000001,0.995,0.877,0,0,BCA,0,0,0,0,0,0,2,3,1,0,2,16,1,2.0,1,0,0,0,7,2,1
S0385,7.73,0.773,0.696,0.852,1,1,AIML,4,0,1,1,2,3,4,3,1,1,3,37,2,8.0,5,0,0,0,4,1,2
S0386,6.99,0.6990000000000001,0.871,0.741,2,2,MECH,1,0,0,1,0,2,2,1,0,0,0,10,3,5.0,4,0,0,0,3,0,1
S0387,7.97,0.7969999999999999,0.795,0.7829999999999999,1,1,AIML,2,0,0,0,2,1,2,3,1,0,0,19,1,6.0,5,1,1,0,3,0,0
S0388,8.59,0.859,0.9670000000000001,0.9229999999999999,1,1,IT,0,0,0,0,0,0,2,2,0,0,1,16,2,9.0,4,0,0,0,4,2,2
S0389,7.79,0.779,0.8290000000000001,0.866,0,0,MECH,0,0,0,0,0,0,1,3,1,0,1,15,2,5.0,4,0,0,0,4,2,2
S0390,6.9,0.6900000000000001,0.655,0.5710000000000001,1,0,EEE,5,0,2,2,1,3,1,2,0,1,0,9,0,0.0,0,0,0,0,5,0,1
S0391,7.15,0.7150000000000001,0.602,0.647,2,0,ECE,0,0,0,0,0,0,0,0,0,0,0,0,1,2.0,5,0,0,0,6,2,3
S0392,6.29,0.629,0.7140000000000001,0.732,1,0,AIML,4,1,2,0,1,4,2,2,0,2,1,16,1,2.0,3,0,0,0,3,0,2
S0393,6.46,0.646,0.594,0.5429999999999999,0,0,MECH,2,0,0,0,2,1,2,3,1,0,0,20,4,12.0,3,0,0,0,3,1,2
S0394,9.16,0.916,0.968,0.96,0,0,AIML,2,1,0,0,1,4,1,3,1,1,1,13,0,0.0,0,0,0,0,3,0,0
S0395,7.53,0.753,0.85,0.8340000000000001,0,0,IT,5,1,1,1,2,4,3,3,1,1,0,31,1,6.0,5,0,0,0,4,1,2
S0396,6.05,0.605,0.515,0.447,0,0,CSE,3,0,0,2,1,2,3,2,0,2,1,20,0,0.0,0,0,0,0,3,0,2
S0397,8.34,0.834,0.8809999999999999,0.7979999999999999,0,0,EEE,3,1,0,1,1,4,2,2,0,1,2,16,1,6.0,4,0,0,0,4,2,0
S0398,8.83,0.883,0.9490000000000001,0.836,0,0,IT,2,0,0,0,2,1,1,2,0,0,1,9,0,0.0,0,0,0,0,4,1,1
S0399,7.03,0.7030000000000001,0.647,0.64,1,1,EEE,1,0,0,1,0,2,4,2,0,2,2,21,0,0.0,0,0,0,0,4,0,2
S0400,7.62,0.762,0.425,0.5429999999999999,2,2,ECE,6,1,1,1,3,4,3,3,1,0,2,20,1,1.0,3,0,0,0,3,0,1
S0401,8.0,0.8,0.8109999999999999,0.7979999999999999,1,0,AIDS,4,0,0,1,3,2,1,2,0,0,1,4,0,0.0,0,0,0,0,7,0,2
S0402,7.11,0.7110000000000001,0.6990000000000001,0.682,0,0,ECE,3,0,1,0,2,3,3,3,2,2,3,34,0,0.0,0,0,0,0,4,0,1
S0403,8.77,0.877,0.982,0.937,1,0,CSE,7,0,0,2,5,2,1,3,1,1,1,12,0,0.0,0,0,0,0,3,2,0
S0404,6.72,0.6719999999999999,0.604,0.5820000000000001,3,2,AIML,4,1,0,1,2,4,4,3,2,1,3,40,0,0.0,0,0,0,0,6,1,3
S0405,7.17,0.717,0.698,0.7809999999999999,0,0,MECH,0,0,0,0,0,0,3,3,1,0,2,22,0,0.0,0,0,0,0,4,1,2
S0406,7.3,0.73,0.7170000000000001,0.74,0,0,CSE,0,0,0,0,0,0,2,3,1,1,0,15,1,2.0,3,1,1,1,4,1,0
S0407,8.03,0.8029999999999999,0.675,0.795,0,0,IT,2,0,0,2,0,2,2,2,0,0,1,12,1,6.0,3,0,0,0,5,2,2
S0408,9.46,0.9460000000000001,0.987,0.84,0,0,AIML,0,0,0,0,0,0,4,3,1,1,2,34,0,0.0,0,0,0,0,6,2,3
S0409,7.83,0.783,0.8290000000000001,0.904,1,1,EEE,0,0,0,0,0,0,3,2,0,0,2,16,1,1.0,4,0,0,0,5,1,3
S0410,6.84,0.6839999999999999,0.693,0.73,2,0,CSE,1,0,0,1,0,2,1,1,0,0,0,4,0,0.0,0,0,0,0,4,2,3
S0411,8.16,0.8160000000000001,0.682,0.688,0,0,CSE,2,0,0,1,1,2,3,3,2,3,2,41,1,1.0,2,0,0,0,6,3,3
S0412,7.9,0.79,0.745,0.6679999999999999,0,0,CSE,4,0,1,1,2,3,0,0,0,0,0,0,1,6.0,4,1,2,1,5,1,2
S0413,8.0,0.8,0.7909999999999999,0.909,1,1,AIDS,2,0,0,0,2,1,2,3,1,1,1,11,0,0.0,0,0,0,0,3,1,0
S0414,7.56,0.756,0.775,0.866,0,0,CSE,0,0,0,0,0,0,2,2,0,0,1,12,0,0.0,0,0,0,0,3,0,1
S0415,9.25,0.925,0.9079999999999999,0.9490000000000001,0,0,EEE,0,0,0,0,0,0,1,1,0,0,0,3,1,1.0,4,0,0,0,2,0,0
S0416,6.24,0.624,0.716,0.685,1,0,CSE,1,0,0,0,1,1,1,1,0,0,0,6,0,0.0,0,0,0,0,4,1,0
S0417,8.11,0.8109999999999999,0.794,0.9129999999999999,1,1,AIML,1,0,1,0,0,3,2,1,0,2,1,10,1,6.0,4,0,0,0,6,2,2
S0418,5.44,0.544,0.507,0.442,3,1,IT,1,0,0,1,0,2,1,1,0,1,0,6,0,0.0,0,0,0,0,2,2,1
S0419,6.14,0.614,0.642,0.6609999999999999,0,0,AIML,1,1,0,0,0,4,1,1,0,0,0,4,1,6.0,4,0,0,0,6,2,2
S0420,7.55,0.755,0.845,0.8290000000000001,0,0,AIML,0,0,0,0,0,0,2,1,0,0,1,6,0,0.0,0,0,0,0,4,1,1
S0421,6.22,0.622,0.619,0.56,1,0,AIML,0,0,0,0,0,0,3,3,1,2,1,17,1,1.0,1,0,0,0,2,0,0
S0422,7.53,0.753,0.7170000000000001,0.774,0,0,EEE,1,0,0,1,0,2,3,2,0,1,2,13,0,0.0,0,0,0,0,4,0,2
S0423,9.74,0.974,0.995,0.971,0,0,AIDS,0,0,0,0,0,0,2,3,1,1,1,20,1,1.0,2,0,0,0,2,0,1
S0424,7.78,0.778,0.632,0.7020000000000001,0,0,ECE,6,0,4,0,2,3,3,2,0,1,1,17,1,2.0,3,0,0,0,5,2,2
S0425,9.31,0.931,0.8170000000000001,0.978,0,0,CSE,0,0,0,0,0,0,2,1,0,0,0,7,0,0.0,0,0,0,0,3,1,1
S0426,9.22,0.922,0.899,0.89,0,0,CSE,0,0,0,0,0,0,1,1,0,0,0,6,2,3.0,3,1,2,0,2,2,2
S0427,9.7,0.97,0.904,0.9309999999999999,0,0,ECE,0,0,0,0,0,0,3,2,0,0,2,16,0,0.0,0,2,4,2,4,2,1
S0428,6.15,0.615,0.677,0.653,2,1,CSE,6,1,1,1,3,4,3,3,1,0,3,38,1,6.0,4,0,0,0,4,1,1
S0429,8.28,0.828,0.958,0.985,0,0,IT,2,0,0,0,2,1,2,2,0,0,0,14,1,2.0,1,0,0,0,1,0,0
S0430,7.28,0.728,0.615,0.736,0,0,MBA,1,0,0,1,0,2,4,3,2,1,4,33,1,1.0,4,0,0,0,2,1,0
S0431,8.91,0.891,0.995,0.941,1,1,CSE,0,0,0,0,0,0,2,3,1,0,1,26,0,0.0,0,0,0,0,2,0,0
S0432,7.24,0.724,0.777,0.758,0,0,AIDS,0,0,0,0,0,0,1,2,0,0,0,8,2,2.5,3,0,0,0,4,2,0
S0433,6.63,0.663,0.677,0.638,1,1,IT,2,1,0,1,0,4,2,2,0,1,1,14,1,6.0,3,0,0,0,1,0,0
S0434,7.38,0.738,0.6809999999999999,0.65,0,0,CSE,0,0,0,0,0,0,2,2,0,0,1,14,0,0.0,0,0,0,0,5,1,2
S0435,7.38,0.738,0.642,0.657,3,1,EEE,0,0,0,0,0,0,2,2,0,1,1,8,1,2.0,1,1,3,1,7,0,5
S0436,7.83,0.783,0.9159999999999999,0.7909999999999999,0,0,AIML,1,0,0,1,0,2,1,1,0,0,0,5,0,0.0,0,0,0,0,5,0,0
S0437,8.08,0.808,0.971,0.972,0,0,AIML,1,0,0,0,1,1,3,2,0,0,1,11,0,0.0,0,0,0,0,6,2,2
S0438,8.07,0.807,0.884,0.807,0,0,ECE,1,1,0,0,0,4,2,3,1,1,2,19,4,8.0,4,0,0,0,3,0,1
S0439,4.95,0.495,0.45299999999999996,0.45899999999999996,5,2,MECH,1,1,0,0,0,4,2,2,0,0,1,18,1,1.0,1,0,0,0,3,0,0
S0440,6.5,0.65,0.7120000000000001,0.6559999999999999,1,0,ECE,0,0,0,0,0,0,2,2,0,0,1,8,2,4.0,3,0,0,0,2,2,2
S0441,7.54,0.754,0.597,0.597,1,0,AIML,4,1,0,3,0,4,1,1,0,1,1,4,1,2.0,4,0,0,0,3,1,1
S0442,7.74,0.774,0.871,0.7140000000000001,0,0,IT,2,0,0,1,1,2,4,3,3,3,2,60,4,15.0,5,0,0,0,4,3,1
S0443,8.42,0.842,0.83,0.8290000000000001,1,1,ECE,0,0,0,0,0,0,3,3,1,1,2,24,1,6.0,4,1,2,0,3,0,1
S0444,6.9,0.6900000000000001,0.564,0.77,3,1,CIVIL,2,0,0,0,2,1,2,3,1,2,1,21,0,0.0,0,0,0,0,3,2,1
S0445,8.21,0.8210000000000001,0.701,0.858,0,0,ECE,3,2,1,0,0,4,3,2,0,1,1,23,2,6.0,4,2,2,1,4,0,2
S0446,6.51,0.651,0.593,0.716,2,1,AIML,3,0,1,1,1,3,4,3,2,0,3,45,1,1.0,2,0,0,0,2,0,0
S0447,7.26,0.726,0.69,0.6829999999999999,1,0,AIML,0,0,0,0,0,0,1,1,0,0,1,6,1,3.0,4,1,2,0,4,1,1
S0448,6.24,0.624,0.6409999999999999,0.753,1,1,EEE,0,0,0,0,0,0,3,3,1,1,2,23,1,6.0,4,0,0,0,5,3,0
S0449,6.76,0.6759999999999999,0.672,0.679,2,0,AIDS,2,0,0,1,1,2,3,2,0,1,1,23,0,0.0,0,0,0,0,4,3,2
S0450,7.96,0.796,0.589,0.774,2,0,CSE,1,0,0,1,0,2,2,2,0,0,0,8,0,0.0,0,0,0,0,6,1,0
S0451,6.94,0.6940000000000001,0.764,0.7829999999999999,2,0,ECE,3,1,1,1,0,4,2,2,0,1,1,11,0,0.0,0,0,0,0,6,2,3
S0452,7.45,0.745,0.802,0.746,0,0,MECH,3,1,1,1,0,4,3,3,3,2,3,32,1,6.0,3,4,4,3,4,0,1
S0453,8.55,0.8550000000000001,0.855,0.82,1,0,IT,1,0,0,1,0,2,2,1,0,1,0,10,1,1.0,3,0,0,0,4,2,2
S0454,8.77,0.877,0.8390000000000001,0.9179999999999999,0,0,MECH,0,0,0,0,0,0,2,2,0,1,0,12,1,2.0,3,1,2,1,3,0,2
S0455,6.98,0.6980000000000001,0.6970000000000001,0.738,2,0,MECH,2,0,0,1,1,2,1,2,0,0,1,4,1,6.0,4,0,0,0,7,4,3
S0456,6.13,0.613,0.5660000000000001,0.6890000000000001,0,0,MBA,2,0,0,1,1,2,1,1,0,0,1,5,1,2.0,3,0,0,0,3,2,2
S0457,8.45,0.845,0.883,0.8009999999999999,0,0,ECE,0,0,0,0,0,0,2,2,0,0,2,11,2,2.0,2,1,1,1,4,0,2
S0458,9.01,0.901,0.857,0.95,0,0,MBA,0,0,0,0,0,0,4,3,1,2,3,36,1,2.0,3,0,0,0,6,3,3
S0459,6.2,0.62,0.669,0.688,3,2,AIDS,0,0,0,0,0,0,2,1,0,0,2,6,1,1.0,4,0,0,0,5,0,2
S0460,8.71,0.8710000000000001,0.995,0.96,0,0,AIML,5,1,3,1,0,4,2,1,0,1,1,8,1,6.0,5,0,0,0,4,1,1
S0461,5.91,0.591,0.35200000000000004,0.45,2,1,CSE,2,0,0,1,1,2,3,2,0,2,1,21,2,2.0,3,0,0,0,4,0,1
S0462,6.23,0.623,0.639,0.726,4,1,AIML,1,0,0,1,0,2,1,3,1,0,1,10,2,3.0,4,0,0,0,4,1,2
S0463,8.03,0.8029999999999999,0.8190000000000001,0.8059999999999999,0,0,MBA,0,0,0,0,0,0,0,0,0,0,0,0,3,7.0,5,1,3,0,6,3,3
S0464,9.04,0.9039999999999999,0.9440000000000001,0.987,0,0,MECH,1,0,0,1,0,2,3,2,0,1,1,19,1,3.0,3,1,2,1,5,2,2
S0465,6.39,0.639,0.74,0.654,1,1,AIDS,0,0,0,0,0,0,0,0,0,0,0,0,0,0.0,0,0,0,0,4,0,0
S0466,7.76,0.776,0.624,0.725,0,0,AIDS,7,2,1,3,1,4,3,3,1,1,3,32,0,0.0,0,0,0,0,5,1,1
S0467,8.6,0.86,0.902,0.938,0,0,ECE,2,0,0,0,2,1,3,2,0,1,2,25,2,7.0,4,0,0,0,7,3,2
S0468,9.49,0.9490000000000001,0.995,0.973,0,0,AIDS,3,2,0,1,0,4,2,3,1,1,2,21,3,10.5,4,0,0,0,6,2,4
S0469,8.72,0.8720000000000001,0.917,0.995,1,0,AIML,4,0,2,2,0,3,1,2,0,0,0,8,2,3.0,2,0,0,0,4,0,1
S0470,5.75,0.575,0.603,0.535,5,0,AIML,0,0,0,0,0,0,1,2,0,1,1,7,1,1.0,2,0,0,0,3,1,1
S0471,8.48,0.8480000000000001,0.929,0.943,0,0,CSE,1,0,0,0,1,1,2,2,0,0,1,12,1,1.0,3,0,0,0,4,1,3
S0472,6.25,0.625,0.639,0.743,3,0,EEE,2,0,0,0,2,1,3,3,1,1,1,16,0,0.0,0,0,0,0,2,1,1
S0473,9.82,0.982,0.995,0.96,0,0,AIML,3,0,1,1,1,3,1,1,0,0,0,4,2,4.0,4,0,0,0,5,2,3
S0474,6.03,0.603,0.542,0.425,3,1,MECH,1,0,0,1,0,2,4,2,0,1,1,21,1,6.0,3,0,0,0,4,3,4
S0475,6.8,0.6799999999999999,0.768,0.8240000000000001,1,1,IT,2,0,0,2,0,2,1,2,0,0,0,10,1,3.0,4,0,0,0,4,1,0
S0476,6.66,0.666,0.659,0.619,3,0,MECH,3,0,1,1,1,3,0,0,0,0,0,0,1,3.0,3,0,0,0,5,0,0
S0477,9.55,0.9550000000000001,0.995,0.9590000000000001,0,0,IT,2,0,1,1,0,3,1,3,1,1,0,11,1,3.0,4,0,0,0,4,2,2
S0478,7.93,0.7929999999999999,0.585,0.63,3,0,IT,0,0,0,0,0,0,0,0,0,0,0,0,0,0.0,0,0,0,0,4,0,1
S0479,9.51,0.951,0.894,0.84,0,0,AIML,3,1,1,0,1,4,2,3,1,1,1,20,2,9.0,4,0,0,0,1,0,1
S0480,5.81,0.581,0.609,0.657,2,1,AIML,2,0,1,1,0,3,2,3,1,0,1,23,1,2.0,1,0,0,0,2,2,1
S0481,8.2,0.82,0.9490000000000001,0.907,0,0,AIML,2,0,0,1,1,2,2,1,0,0,0,9,1,1.5,2,1,3,1,3,1,0
S0482,8.86,0.8859999999999999,0.8540000000000001,0.753,1,1,AIML,2,0,1,0,1,3,1,2,0,0,0,7,0,0.0,0,0,0,0,4,2,3
S0483,6.48,0.648,0.706,0.617,3,1,MECH,2,0,0,0,2,1,3,3,1,1,1,18,2,3.0,4,0,0,0,3,0,2
S0484,8.4,0.8400000000000001,0.847,0.8140000000000001,0,0,MECH,3,2,1,0,0,4,2,3,1,1,2,24,1,2.0,1,2,4,1,2,0,0
S0485,8.73,0.873,0.8270000000000001,0.925,0,0,AIML,0,0,0,0,0,0,2,2,0,0,1,15,1,3.0,3,0,0,0,3,1,0
S0486,6.9,0.6900000000000001,0.752,0.8740000000000001,2,2,ECE,1,0,0,0,1,1,2,2,0,0,1,13,1,2.0,2,0,0,0,3,2,1
S0487,6.56,0.6559999999999999,0.767,0.7659999999999999,3,1,AIDS,3,0,0,3,0,2,1,2,0,1,0,12,0,0.0,0,0,0,0,4,1,2
S0488,8.14,0.8140000000000001,0.8859999999999999,0.912,0,0,EEE,1,0,0,0,1,1,1,2,0,0,1,7,2,8.0,4,0,0,0,4,0,3
S0489,7.41,0.741,0.5760000000000001,0.7390000000000001,2,2,MBA,0,0,0,0,0,0,1,3,1,0,1,19,1,1.5,2,2,2,1,1,0,1
S0490,7.01,0.701,0.7509999999999999,0.6829999999999999,0,0,AIDS,4,3,0,1,0,4,1,3,1,0,1,13,0,0.0,0,0,0,0,7,2,2
S0491,7.18,0.718,0.7709999999999999,0.7190000000000001,2,0,EEE,1,0,0,0,1,1,4,3,1,2,2,35,0,0.0,0,0,0,0,3,0,2
S0492,7.34,0.734,0.6579999999999999,0.754,0,0,IT,5,2,2,1,0,4,1,1,0,0,0,5,1,1.0,2,0,0,0,3,2,2
S0493,6.82,0.682,0.604,0.635,1,0,AIML,0,0,0,0,0,0,1,2,0,0,1,4,1,1.0,4,0,0,0,4,2,0
S0494,7.46,0.746,0.6859999999999999,0.757,0,0,CSE,1,0,0,0,1,1,3,3,1,2,2,23,2,6.0,4,0,0,0,4,3,2
S0495,7.69,0.769,0.912,0.82,0,0,CIVIL,1,1,0,0,0,4,2,3,2,2,1,29,3,8.0,4,1,2,1,6,2,3
S0496,8.0,0.8,0.778,0.855,2,2,CSE,4,0,1,2,1,3,2,2,0,1,1,13,3,5.0,4,0,0,0,2,1,1
S0497,5.21,0.521,0.552,0.42100000000000004,2,0,CSE,2,0,0,1,1,2,1,2,0,0,0,9,1,6.0,4,1,1,1,6,0,3
S0498,6.91,0.6910000000000001,0.654,0.593,1,1,AIDS,4,0,3,0,1,3,2,2,0,0,1,9,1,2.0,4,0,0,0,6,1,2
S0499,8.25,0.825,0.821,0.789,0,0,AIDS,2,0,0,1,1,2,1,1,0,0,1,4,1,1.5,2,0,0,0,3,0,1
S0500,7.65,0.765,0.6679999999999999,0.551,0,0,AIDS,1,0,0,1,0,2,1,3,1,0,1,11,1,1.0,2,0,0,0,6,2,3
S0501,7.52,0.752,0.846,0.87,0,0,AIDS,0,0,0,0,0,0,2,3,1,2,1,19,0,0.0,0,0,0,0,6,1,1
S0502,6.97,0.697,0.726,0.731,1,1,AIDS,2,0,0,0,2,1,4,3,2,2,3,38,0,0.0,0,0,0,0,7,0,2
S0503,8.2,0.82,0.912,0.897,3,2,MECH,4,0,1,1,2,3,3,2,0,2,1,18,4,12.0,4,0,0,0,2,1,1
S0504,8.04,0.8039999999999999,0.7,0.687,2,2,AIML,2,0,1,1,0,3,2,2,0,0,2,22,2,7.0,3,0,0,0,2,0,1
S0505,7.5,0.75,0.779,0.764,1,1,AIML,0,0,0,0,0,0,3,2,0,0,1,17,0,0.0,0,0,0,0,3,1,1
S0506,6.71,0.671,0.64,0.649,0,0,AIML,4,0,1,0,3,3,1,2,0,1,1,10,0,0.0,0,0,0,0,3,2,1
S0507,9.62,0.962,0.848,0.93,1,0,MECH,2,0,0,1,1,2,2,3,1,1,1,19,2,12.0,4,0,0,0,2,1,0
S0508,8.47,0.8470000000000001,0.8170000000000001,0.7390000000000001,0,0,CSE,2,0,1,0,1,3,4,3,1,0,1,24,0,0.0,0,0,0,0,6,1,1
S0509,6.94,0.6940000000000001,0.6970000000000001,0.57,1,0,CSE,4,0,1,2,1,3,2,1,0,0,1,8,1,2.0,2,0,0,0,5,1,3
S0510,7.01,0.701,0.755,0.6659999999999999,1,0,CIVIL,0,0,0,0,0,0,4,2,0,0,3,27,0,0.0,0,1,1,0,2,0,1
S0511,7.92,0.792,0.8740000000000001,0.8440000000000001,0,0,EEE,1,0,1,0,0,3,2,2,0,1,1,17,2,5.0,2,1,1,0,4,1,2
S0512,6.36,0.636,0.579,0.596,0,0,BCA,1,0,0,0,1,1,3,2,0,0,0,12,0,0.0,0,0,0,0,4,1,2
S0513,8.02,0.8019999999999999,0.8,0.76,0,0,AIDS,1,0,0,0,1,1,0,0,0,0,0,0,0,0.0,0,0,0,0,7,3,3
S0514,8.11,0.8109999999999999,0.915,0.69,0,0,CSE,4,0,1,2,1,3,1,1,0,1,0,5,2,2.5,3,0,0,0,2,0,0
S0515,7.34,0.734,0.59,0.677,3,0,ECE,2,0,0,1,1,2,2,2,0,2,0,14,2,4.0,4,0,0,0,3,1,1
S0516,8.07,0.807,0.746,0.763,1,1,MECH,1,0,0,0,1,1,3,3,1,3,2,29,0,0.0,0,0,0,0,3,0,1
S0517,6.13,0.613,0.611,0.595,1,0,CSE,1,0,0,1,0,2,3,2,0,1,1,20,2,9.0,4,0,0,0,4,0,0
S0518,8.58,0.858,0.778,0.8859999999999999,0,0,EEE,3,2,0,0,1,4,1,3,1,1,1,16,1,2.0,2,0,0,0,6,1,4
S0519,6.12,0.612,0.5489999999999999,0.517,1,0,AIML,0,0,0,0,0,0,1,1,0,0,0,3,0,0.0,0,0,0,0,5,2,2
S0520,7.06,0.706,0.711,0.6970000000000001,0,0,ECE,1,0,1,0,0,3,1,1,0,0,0,5,1,1.0,2,1,3,1,2,0,0
S0521,8.57,0.857,0.845,0.893,0,0,IT,0,0,0,0,0,0,1,1,0,0,0,2,2,7.0,4,1,1,0,5,2,2
S0522,8.39,0.8390000000000001,0.753,0.887,3,2,AIML,2,0,0,0,2,1,3,2,0,0,2,16,1,2.0,2,0,0,0,4,1,0
S0523,6.41,0.641,0.613,0.653,0,0,IT,2,0,1,0,1,3,2,1,0,0,0,8,2,8.0,5,0,0,0,4,1,0
S0524,8.35,0.835,0.995,0.909,0,0,IT,0,0,0,0,0,0,3,3,1,1,1,20,1,1.0,4,0,0,0,3,0,1
S0525,8.09,0.8089999999999999,0.81,0.7509999999999999,2,2,CSE,4,1,1,1,1,4,3,3,1,1,0,18,1,3.0,4,0,0,0,5,0,0
S0526,7.7,0.77,0.777,0.809,1,1,BCA,0,0,0,0,0,0,3,2,0,0,1,22,1,1.0,4,0,0,0,4,0,2
S0527,7.02,0.702,0.667,0.757,0,0,IT,6,2,0,2,2,4,2,1,0,0,1,7,1,3.0,4,0,0,0,6,2,2
S0528,6.0,0.6,0.5760000000000001,0.516,0,0,AIDS,1,0,1,0,0,3,3,3,1,1,1,18,0,0.0,0,3,2,2,1,0,0
S0529,8.13,0.8130000000000001,0.877,0.7290000000000001,3,1,MBA,7,1,0,2,4,4,4,3,1,2,2,41,2,5.0,4,0,0,0,4,1,2
S0530,9.59,0.959,0.9670000000000001,0.853,0,0,AIML,3,0,0,2,1,2,1,3,1,1,0,13,2,3.0,4,0,0,0,6,2,3
S0531,8.36,0.836,0.795,0.797,1,0,ECE,0,0,0,0,0,0,1,1,0,0,1,5,1,3.0,4,0,0,0,3,0,2
S0532,7.28,0.728,0.7070000000000001,0.6629999999999999,0,0,IT,0,0,0,0,0,0,3,2,0,0,2,21,1,3.0,2,0,0,0,1,1,0
S0533,7.45,0.745,0.8140000000000001,0.7559999999999999,0,0,CIVIL,1,0,0,0,1,1,1,1,0,0,1,3,0,0.0,0,1,2,0,7,1,4
S0534,9.35,0.9349999999999999,0.995,0.981,0,0,MECH,4,1,1,2,0,4,3,2,0,1,2,17,0,0.0,0,0,0,0,4,0,1
S0535,8.07,0.807,0.872,0.995,0,0,CSE,3,1,1,1,0,4,3,2,0,1,2,25,1,2.0,5,0,0,0,4,1,1
S0536,8.35,0.835,0.838,0.845,2,2,EEE,2,0,0,2,0,2,1,2,0,0,1,7,2,4.0,4,0,0,0,2,0,1
S0537,6.16,0.616,0.843,0.805,1,0,AIDS,0,0,0,0,0,0,2,1,0,0,1,7,1,3.0,5,0,0,0,3,1,1
S0538,9.51,0.951,0.995,0.995,0,0,ECE,0,0,0,0,0,0,3,3,1,1,2,29,1,3.0,2,1,2,0,4,1,1
S0539,9.0,0.9,0.9109999999999999,0.995,0,0,MECH,0,0,0,0,0,0,3,1,0,0,0,14,1,6.0,4,2,1,1,4,2,1
S0540,7.47,0.747,0.785,0.731,0,0,BCA,0,0,0,0,0,0,1,1,0,0,1,3,0,0.0,0,2,3,1,4,2,2
S0541,6.37,0.637,0.608,0.59,1,0,AIDS,1,0,1,0,0,3,2,2,0,0,0,23,0,0.0,0,0,0,0,7,2,5
S0542,6.75,0.675,0.561,0.753,2,0,MBA,2,0,0,2,0,2,2,3,1,1,1,20,2,7.0,4,0,0,0,3,1,1
S0543,9.27,0.9269999999999999,0.893,0.8270000000000001,0,0,CSE,2,0,0,1,1,2,4,2,0,2,4,31,0,0.0,0,0,0,0,4,1,2
S0544,7.97,0.7969999999999999,0.848,0.7140000000000001,0,0,IT,0,0,0,0,0,0,2,2,0,0,1,12,0,0.0,0,0,0,0,7,1,1
S0545,7.79,0.779,0.7490000000000001,0.773,0,0,MECH,1,0,0,0,1,1,1,3,1,1,1,8,0,0.0,0,0,0,0,3,1,2
S0546,8.45,0.845,0.7879999999999999,0.816,1,1,CSE,0,0,0,0,0,0,1,2,0,1,1,9,1,6.0,4,0,0,0,3,1,1
S0547,6.93,0.693,0.733,0.648,2,1,CSE,0,0,0,0,0,0,1,3,1,1,1,9,0,0.0,0,0,0,0,6,2,2
S0548,7.63,0.763,0.8009999999999999,0.728,0,0,AIDS,4,0,2,1,1,3,2,2,0,0,1,10,4,16.0,5,0,0,0,3,2,3
S0549,6.87,0.687,0.675,0.65,3,0,EEE,4,0,0,3,1,2,2,2,0,1,0,14,1,6.0,5,0,0,0,3,0,2
S0550,8.84,0.884,0.825,0.877,0,0,AIML,2,0,0,1,1,2,2,2,0,2,2,18,0,0.0,0,0,0,0,1,1,1
S0551,6.94,0.6940000000000001,0.787,0.627,3,0,BCA,4,1,0,2,1,4,1,1,0,0,1,5,1,1.0,2,0,0,0,3,3,3
S0552,7.75,0.775,0.878,0.995,1,1,IT,0,0,0,0,0,0,2,2,0,1,1,13,1,3.0,3,0,0,0,1,0,0
S0553,8.06,0.806,0.868,0.7859999999999999,0,0,IT,3,0,0,3,0,2,1,3,1,1,1,13,1,3.0,5,0,0,0,5,0,2
S0554,7.09,0.709,0.595,0.675,3,1,AIML,4,2,0,0,2,4,2,2,0,1,2,12,0,0.0,0,0,0,0,6,2,2
S0555,8.6,0.86,0.95,0.9259999999999999,0,0,BCA,0,0,0,0,0,0,1,1,0,0,0,6,1,1.5,2,1,1,1,2,2,2
S0556,7.8,0.78,0.645,0.721,0,0,MECH,4,2,0,2,0,4,0,0,0,0,0,0,2,3.5,2,0,0,0,4,2,3
S0557,6.95,0.6950000000000001,0.743,0.821,0,0,CSE,1,0,0,0,1,1,1,2,0,0,1,9,1,3.0,4,0,0,0,3,0,1
S0558,6.98,0.6980000000000001,0.665,0.6990000000000001,0,0,MECH,0,0,0,0,0,0,4,3,1,0,3,29,3,5.5,2,0,0,0,2,0,2
S0559,7.79,0.779,0.735,0.78,0,0,AIML,0,0,0,0,0,0,2,2,0,1,2,18,2,3.0,1,0,0,0,3,0,1
S0560,8.47,0.8470000000000001,0.905,0.935,3,2,AIML,0,0,0,0,0,0,1,2,0,0,0,4,1,1.5,2,0,0,0,3,1,2
S0561,7.53,0.753,0.825,0.769,0,0,IT,5,0,1,1,3,3,2,2,0,0,1,10,1,6.0,3,4,4,3,4,1,0
S0562,7.01,0.701,0.628,0.853,1,0,AIML,0,0,0,0,0,0,1,2,0,0,0,5,1,3.0,4,2,1,0,2,0,1
S0563,7.06,0.706,0.725,0.639,2,0,MECH,2,0,0,1,1,2,1,2,0,1,1,5,1,2.0,5,0,0,0,3,1,2
S0564,8.73,0.873,0.925,0.805,0,0,AIDS,0,0,0,0,0,0,2,3,1,1,0,11,2,12.0,3,0,0,0,1,0,0
S0565,7.9,0.79,0.738,0.83,0,0,EEE,1,0,0,0,1,1,3,2,0,0,2,16,1,2.0,1,0,0,0,5,2,4
S0566,7.04,0.704,0.6829999999999999,0.7509999999999999,0,0,AIDS,1,0,0,0,1,1,2,1,0,0,0,8,0,0.0,0,0,0,0,6,3,4
S0567,7.97,0.7969999999999999,0.8690000000000001,0.83,0,0,AIML,2,0,0,1,1,2,4,2,0,0,1,26,1,1.0,3,0,0,0,5,0,1
S0568,8.42,0.842,0.9420000000000001,0.759,0,0,ECE,0,0,0,0,0,0,1,1,0,0,0,2,1,2.0,3,0,0,0,4,1,1
S0569,9.35,0.9349999999999999,0.9440000000000001,0.995,1,1,AIML,1,0,0,0,1,1,2,1,0,2,1,5,2,4.0,5,1,1,1,4,1,0
S0570,9.53,0.953,0.94,0.902,0,0,AIML,1,0,0,0,1,1,2,1,0,0,1,9,1,3.0,3,0,0,0,6,1,3
S0571,8.18,0.818,0.794,0.92,0,0,IT,4,0,2,1,1,3,2,1,0,1,1,8,0,0.0,0,2,1,1,5,0,1
S0572,7.86,0.786,0.705,0.723,0,0,MBA,3,0,1,1,1,3,4,2,0,2,3,28,2,3.0,4,0,0,0,2,0,0
S0573,8.08,0.808,0.795,0.743,0,0,MECH,2,0,0,2,0,2,2,2,0,0,1,15,0,0.0,0,0,0,0,5,1,3
S0574,4.32,0.43200000000000005,0.48,0.43700000000000006,3,0,ECE,0,0,0,0,0,0,1,2,0,0,1,5,1,1.0,4,2,4,2,3,1,1
S0575,8.38,0.8380000000000001,0.9420000000000001,0.9440000000000001,1,0,CIVIL,4,1,1,1,1,4,2,2,0,0,1,10,2,4.0,4,0,0,0,3,1,1
S0576,7.34,0.734,0.708,0.672,1,0,ECE,2,0,0,0,2,1,4,3,1,1,1,27,1,6.0,4,0,0,0,2,0,0
S0577,8.21,0.8210000000000001,0.929,0.782,0,0,MECH,1,0,0,0,1,1,2,2,0,1,2,22,0,0.0,0,0,0,0,2,0,0
S0578,8.65,0.865,0.995,0.995,0,0,CSE,1,0,0,1,0,2,2,1,0,1,0,9,3,7.0,4,0,0,0,5,2,2
S0579,7.67,0.767,0.767,0.769,1,1,CSE,1,0,1,0,0,3,3,2,0,0,3,16,0,0.0,0,0,0,0,2,0,0
S0580,7.49,0.749,0.737,0.635,0,0,IT,1,0,0,0,1,1,1,2,0,0,1,4,4,5.5,4,1,2,0,7,3,2
S0581,5.78,0.5780000000000001,0.588,0.674,1,0,AIML,3,1,0,2,0,4,4,2,0,0,1,17,1,2.0,2,0,0,0,2,1,1
S0582,8.15,0.8150000000000001,0.915,0.732,1,1,CSE,0,0,0,0,0,0,4,3,1,2,4,35,1,3.0,2,0,0,0,5,2,3
S0583,7.28,0.728,0.7240000000000001,0.74,0,0,CSE,6,1,2,0,3,4,2,3,1,2,2,12,1,1.0,4,0,0,0,7,3,0
S0584,8.77,0.877,0.9009999999999999,0.818,0,0,AIDS,2,0,0,1,1,2,2,2,0,1,0,14,1,3.0,5,1,3,1,3,2,2
S0585,7.78,0.778,0.845,0.8640000000000001,3,0,EEE,1,1,0,0,0,4,4,3,2,3,3,43,2,3.0,2,1,1,1,4,0,0
S0586,6.87,0.687,0.7559999999999999,0.731,0,0,AIML,3,1,1,1,0,4,3,2,0,2,2,16,4,7.0,4,0,0,0,3,2,2
S0587,8.02,0.8019999999999999,0.795,0.757,0,0,ECE,1,0,0,0,1,1,0,0,0,0,0,0,0,0.0,0,1,1,1,3,1,0
S0588,8.11,0.8109999999999999,0.951,0.85,1,1,MECH,5,0,2,1,2,3,1,1,0,0,1,2,2,5.0,5,0,0,0,2,2,1
S0589,7.41,0.741,0.778,0.753,0,0,ECE,0,0,0,0,0,0,4,2,0,2,2,36,1,1.0,1,0,0,0,4,1,2
S0590,8.08,0.808,0.679,0.799,0,0,EEE,1,0,0,1,0,2,4,3,2,0,3,32,0,0.0,0,0,0,0,4,1,0
S0591,6.47,0.647,0.542,0.638,0,0,MECH,1,0,0,0,1,1,2,2,0,0,1,11,0,0.0,0,0,0,0,2,1,2
S0592,8.39,0.8390000000000001,0.865,0.84,3,1,MBA,1,0,1,0,0,3,1,1,0,1,0,6,0,0.0,0,0,0,0,5,0,2
S0593,7.21,0.721,0.8029999999999999,0.76,0,0,AIDS,1,0,0,1,0,2,2,1,0,0,1,11,1,1.0,1,0,0,0,4,0,2
S0594,9.48,0.9480000000000001,0.775,0.767,0,0,BCA,0,0,0,0,0,0,2,2,0,0,1,14,0,0.0,0,0,0,0,3,1,0
S0595,7.63,0.763,0.802,0.7809999999999999,0,0,IT,4,1,0,2,1,4,2,3,1,1,1,25,1,1.0,3,1,5,0,2,0,1
S0596,8.63,0.8630000000000001,0.987,0.866,0,0,AIDS,4,0,2,1,1,3,2,3,1,0,2,19,0,0.0,0,1,1,0,3,1,2
S0597,7.35,0.735,0.66,0.8370000000000001,0,0,CIVIL,1,0,0,1,0,2,3,3,2,1,2,31,0,0.0,0,0,0,0,5,1,0
S0598,8.94,0.8939999999999999,0.932,0.8290000000000001,0,0,IT,5,1,0,3,1,4,3,2,0,0,1,14,1,1.0,4,2,2,0,4,1,2
S0599,8.2,0.82,0.7709999999999999,0.887,0,0,EEE,2,1,0,0,1,4,1,2,0,0,1,10,0,0.0,0,0,0,0,1,0,0
S0600,9.34,0.9339999999999999,0.995,0.9940000000000001,0,0,AIML,2,0,0,1,1,2,2,3,1,0,2,13,1,2.0,1,0,0,0,4,0,1
S0601,8.48,0.8480000000000001,0.845,0.895,1,0,AIML,1,0,0,0,1,1,1,2,0,0,1,6,1,1.0,1,0,0,0,5,4,4
S0602,8.36,0.836,0.857,0.9359999999999999,3,1,AIML,2,0,0,1,1,2,1,3,1,1,1,18,0,0.0,0,1,3,1,1,0,0
S0603,9.54,0.954,0.9890000000000001,0.995,0,0,CIVIL,0,0,0,0,0,0,2,1,0,0,2,8,0,0.0,0,0,0,0,4,0,2
S0604,6.24,0.624,0.635,0.596,1,1,MBA,4,0,2,1,1,3,2,2,0,1,1,9,0,0.0,0,0,0,0,2,0,0
S0605,8.69,0.869,0.899,0.988,0,0,EEE,3,0,2,1,0,3,1,2,0,0,1,10,0,0.0,0,3,4,0,4,1,3
S0606,8.41,0.841,0.738,0.845,0,0,AIDS,2,0,1,1,0,3,1,1,0,0,0,2,1,2.0,2,0,0,0,7,2,4
S0607,4.15,0.41500000000000004,0.405,0.436,2,2,MECH,2,0,0,1,1,2,4,2,0,1,2,23,1,2.0,2,0,0,0,1,0,1
S0608,6.97,0.697,0.807,0.665,4,2,EEE,4,1,1,1,1,4,2,1,0,0,0,12,2,7.0,4,0,0,0,2,0,2
S0609,6.86,0.686,0.649,0.6779999999999999,0,0,AIDS,1,0,0,1,0,2,2,3,2,2,2,33,0,0.0,0,0,0,0,3,0,2
S0610,9.76,0.976,0.995,0.986,0,0,MECH,1,0,1,0,0,3,2,2,0,1,1,11,0,0.0,0,0,0,0,5,0,2
S0611,7.61,0.761,0.804,0.835,0,0,AIDS,3,0,0,2,1,2,1,2,0,1,0,11,1,3.0,4,0,0,0,4,2,3
S0612,5.37,0.537,0.446,0.475,3,1,AIDS,2,0,0,1,1,2,1,2,0,0,0,4,1,3.0,4,1,2,0,6,3,1
S0613,7.87,0.787,0.8440000000000001,0.764,0,0,ECE,2,0,0,1,1,2,3,3,1,2,1,29,2,7.0,4,0,0,0,1,1,1
S0614,6.48,0.648,0.644,0.6759999999999999,0,0,CSE,2,0,0,0,2,1,1,1,0,0,0,2,2,8.0,4,0,0,0,2,0,0
S0615,8.73,0.873,0.872,0.762,0,0,ECE,1,0,1,0,0,3,2,2,0,0,2,8,1,3.0,3,0,0,0,4,1,1
S0616,4.75,0.475,0.47,0.517,3,2,AIDS,3,0,0,2,1,2,2,2,0,1,2,15,2,5.0,5,0,0,0,3,1,0
S0617,8.35,0.835,0.6859999999999999,0.732,0,0,AIML,1,0,0,0,1,1,2,3,1,0,2,23,2,3.5,3,1,1,1,2,1,2
S0618,9.89,0.9890000000000001,0.9840000000000001,0.966,0,0,AIML,2,0,0,1,1,2,2,2,0,0,0,10,1,2.0,3,0,0,0,2,1,2
S0619,7.68,0.768,0.625,0.857,0,0,IT,1,0,0,0,1,1,2,3,1,0,2,26,1,6.0,4,3,5,1,6,2,3
S0620,7.74,0.774,0.7909999999999999,0.847,1,1,AIDS,4,0,1,2,1,3,1,3,1,0,1,16,1,3.0,3,0,0,0,3,2,1
S0621,7.52,0.752,0.698,0.7240000000000001,0,0,MBA,1,0,0,0,1,1,0,0,0,0,0,0,0,0.0,0,0,0,0,3,1,3
S0622,7.51,0.751,0.812,0.723,0,0,AIML,7,0,2,2,3,3,4,3,1,1,2,36,1,6.0,4,0,0,0,4,1,1
S0623,8.09,0.8089999999999999,0.856,0.91,0,0,AIDS,1,0,0,1,0,2,3,2,0,0,0,18,2,4.0,3,0,0,0,4,2,2
S0624,9.38,0.9380000000000001,0.9470000000000001,0.991,0,0,AIDS,2,0,1,1,0,3,3,2,0,1,2,19,0,0.0,0,0,0,0,5,0,1
S0625,7.19,0.7190000000000001,0.78,0.664,0,0,IT,2,0,1,1,0,3,2,2,0,1,1,8,0,0.0,0,0,0,0,7,3,4
S0626,7.16,0.716,0.659,0.619,0,0,IT,3,1,0,0,2,4,1,3,1,0,1,13,4,12.0,4,0,0,0,3,0,1
S0627,9.41,0.9410000000000001,0.9640000000000001,0.9279999999999999,0,0,AIML,2,0,1,0,1,3,1,2,0,1,1,6,1,3.0,2,0,0,0,3,0,0
S0628,9.17,0.917,0.856,0.882,1,1,ECE,0,0,0,0,0,0,3,2,0,0,0,15,1,2.0,1,0,0,0,6,1,4
S0629,6.4,0.64,0.621,0.701,0,0,ECE,2,0,0,1,1,2,4,3,2,1,3,36,1,2.0,4,0,0,0,2,1,0
S0630,8.19,0.819,0.7859999999999999,0.83,0,0,CSE,0,0,0,0,0,0,3,3,1,1,2,24,0,0.0,0,1,1,1,7,2,4
S0631,7.09,0.709,0.866,0.905,0,0,MECH,0,0,0,0,0,0,3,2,0,2,3,18,1,6.0,3,0,0,0,6,2,3
S0632,7.46,0.746,0.708,0.742,0,0,AIDS,2,0,0,0,2,1,0,0,0,0,0,0,1,1.0,2,0,0,0,4,1,0
S0633,5.6,0.5599999999999999,0.525,0.547,1,1,AIML,7,4,1,2,0,4,2,2,0,0,1,12,0,0.0,0,0,0,0,3,0,0
S0634,7.73,0.773,0.6509999999999999,0.7170000000000001,2,2,CSE,0,0,0,0,0,0,1,3,1,1,1,20,0,0.0,0,0,0,0,5,0,1
S0635,8.95,0.8949999999999999,0.995,0.9690000000000001,1,0,MECH,2,0,0,2,0,2,2,2,0,0,1,12,0,0.0,0,0,0,0,2,0,1
S0636,7.88,0.788,0.909,0.821,2,2,MBA,0,0,0,0,0,0,2,3,1,2,2,16,1,1.0,3,0,0,0,4,1,2
S0637,8.26,0.826,0.86,0.792,2,2,BCA,1,0,0,0,1,1,3,2,0,0,1,13,0,0.0,0,2,5,1,3,1,1
S0638,8.79,0.8789999999999999,0.852,0.907,0,0,AIDS,6,0,1,2,3,3,2,3,1,1,1,25,1,1.0,3,2,5,1,4,1,1
S0639,7.4,0.74,0.706,0.682,0,0,CSE,1,0,0,0,1,1,4,2,0,1,1,31,0,0.0,0,0,0,0,4,3,4
S0640,7.66,0.766,0.8029999999999999,0.698,3,0,CIVIL,0,0,0,0,0,0,1,1,0,0,0,4,1,6.0,5,1,2,1,3,0,1
S0641,6.09,0.609,0.541,0.752,0,0,CSE,3,1,0,0,2,4,1,1,0,0,0,5,1,2.0,3,0,0,0,4,3,2
S0642,8.19,0.819,0.887,0.862,1,1,EEE,0,0,0,0,0,0,2,3,2,2,1,29,1,1.0,3,0,0,0,3,1,1
S0643,6.88,0.688,0.721,0.818,2,1,AIML,0,0,0,0,0,0,4,2,0,3,2,26,1,2.0,1,0,0,0,2,1,1
S0644,8.44,0.844,0.7879999999999999,0.799,0,0,IT,0,0,0,0,0,0,2,3,1,1,1,24,3,11.0,3,0,0,0,3,1,2
S0645,9.03,0.9029999999999999,0.809,0.917,0,0,MECH,0,0,0,0,0,0,2,2,0,0,1,14,0,0.0,0,0,0,0,2,0,1
S0646,8.32,0.8320000000000001,0.98,0.883,0,0,IT,1,0,0,1,0,2,1,1,0,0,0,6,0,0.0,0,0,0,0,6,1,3
S0647,4.7,0.47000000000000003,0.455,0.46799999999999997,2,2,AIML,4,0,2,1,1,3,2,3,1,1,1,22,1,3.0,3,0,0,0,2,0,0
S0648,7.86,0.786,0.742,0.884,0,0,CSE,0,0,0,0,0,0,2,3,1,1,2,17,0,0.0,0,0,0,0,4,1,2
S0649,5.1,0.51,0.593,0.519,2,0,CSE,2,0,1,1,0,3,1,1,0,0,0,5,0,0.0,0,1,1,0,5,0,2
S0650,5.2,0.52,0.539,0.528,2,0,CIVIL,4,0,1,2,1,3,2,2,0,1,0,12,1,1.0,1,0,0,0,2,1,1
S0651,7.88,0.788,0.792,0.836,0,0,ECE,0,0,0,0,0,0,2,3,1,1,2,19,0,0.0,0,1,3,1,3,1,2
S0652,9.84,0.984,0.951,0.9740000000000001,0,0,MECH,0,0,0,0,0,0,2,1,0,0,0,10,0,0.0,0,0,0,0,5,1,1
S0653,8.05,0.805,0.8370000000000001,0.7859999999999999,2,2,AIDS,2,0,0,0,2,1,1,2,0,0,0,9,2,8.0,4,0,0,0,3,0,1
S0654,7.01,0.701,0.633,0.6609999999999999,1,1,CSE,0,0,0,0,0,0,3,3,1,2,3,33,1,2.0,3,1,2,0,6,3,2
S0655,9.43,0.943,0.9520000000000001,0.995,0,0,CSE,2,0,0,2,0,2,0,0,0,0,0,0,0,0.0,0,0,0,0,3,0,1
S0656,9.27,0.9269999999999999,0.978,0.995,1,1,AIML,2,0,0,1,1,2,0,0,0,0,0,0,0,0.0,0,0,0,0,3,0,2
S0657,7.64,0.764,0.909,0.912,1,1,ECE,4,0,0,2,2,2,4,1,0,1,0,16,1,3.0,3,1,2,0,4,0,1
S0658,7.44,0.744,0.715,0.63,1,0,IT,0,0,0,0,0,0,1,3,1,0,1,8,1,2.0,2,0,0,0,5,1,2
S0659,7.95,0.795,0.858,0.865,0,0,CSE,2,0,0,1,1,2,2,3,1,1,2,25,3,5.0,4,0,0,0,3,0,1
S0660,7.78,0.778,0.805,0.753,0,0,ECE,4,0,3,1,0,3,2,3,1,1,2,16,1,1.0,4,0,0,0,3,1,2
S0661,6.4,0.64,0.807,0.6679999999999999,3,1,AIML,0,0,0,0,0,0,3,3,1,1,3,31,0,0.0,0,1,3,1,5,2,2
S0662,8.18,0.818,0.7909999999999999,0.8290000000000001,0,0,ECE,0,0,0,0,0,0,1,2,0,1,0,12,2,5.0,3,0,0,0,7,3,4
S0663,6.17,0.617,0.6,0.627,4,1,CSE,2,0,0,2,0,2,2,3,1,0,2,25,1,6.0,5,0,0,0,3,0,1
S0664,7.6,0.76,0.835,0.73,0,0,IT,2,0,0,0,2,1,3,2,0,1,3,19,2,2.0,4,1,3,1,4,1,1
S0665,6.85,0.6849999999999999,0.722,0.581,0,0,EEE,0,0,0,0,0,0,4,2,0,1,3,34,0,0.0,0,0,0,0,5,1,3
S0666,6.1,0.61,0.612,0.606,4,0,CSE,1,0,0,1,0,2,1,3,1,0,1,13,0,0.0,0,0,0,0,4,1,2
S0667,8.83,0.883,0.983,0.904,0,0,AIML,1,1,0,0,0,4,2,1,0,0,1,10,1,3.0,4,0,0,0,5,1,1
S0668,8.27,0.827,0.7509999999999999,0.69,0,0,IT,1,0,0,1,0,2,2,2,0,0,2,10,1,6.0,4,1,3,0,1,1,0
S0669,6.17,0.617,0.653,0.653,2,2,ECE,0,0,0,0,0,0,2,2,0,0,1,9,1,2.0,1,0,0,0,4,2,2
S0670,7.06,0.706,0.603,0.6920000000000001,0,0,CSE,0,0,0,0,0,0,1,2,0,0,1,6,0,0.0,0,0,0,0,4,0,1
S0671,6.95,0.6950000000000001,0.7190000000000001,0.662,1,0,AIML,3,0,2,1,0,3,0,0,0,0,0,0,0,0.0,0,0,0,0,4,1,2
S0672,7.81,0.7809999999999999,0.78,0.7020000000000001,0,0,ECE,0,0,0,0,0,0,2,2,0,1,1,16,3,5.0,4,0,0,0,1,0,0
S0673,4.47,0.44699999999999995,0.47,0.41700000000000004,4,1,CSE,0,0,0,0,0,0,4,2,0,2,1,20,1,3.0,2,0,0,0,2,0,1
S0674,7.21,0.721,0.8859999999999999,0.794,0,0,EEE,0,0,0,0,0,0,2,2,0,0,1,14,1,1.0,3,0,0,0,4,0,1
S0675,9.47,0.9470000000000001,0.948,0.945,0,0,AIML,4,1,1,1,1,4,2,3,1,1,2,25,2,9.0,5,0,0,0,4,0,2
S0676,7.99,0.799,0.815,0.8640000000000001,0,0,CSE,4,0,0,3,1,2,2,2,0,0,0,9,1,1.0,3,0,0,0,3,1,1
S0677,8.49,0.849,0.8079999999999999,0.752,0,0,ECE,0,0,0,0,0,0,1,2,0,0,1,12,0,0.0,0,1,1,1,7,2,3
S0678,9.98,0.998,0.884,0.927,0,0,IT,2,0,0,1,1,2,2,2,0,0,2,10,0,0.0,0,0,0,0,4,1,1
S0679,6.32,0.632,0.648,0.737,1,0,AIDS,1,0,0,0,1,1,3,3,1,2,1,24,1,2.0,3,0,0,0,5,1,3
S0680,7.97,0.7969999999999999,0.885,0.77,0,0,AIML,3,0,1,1,1,3,2,2,0,0,0,18,2,8.0,5,1,1,1,3,0,0
S0681,6.45,0.645,0.6920000000000001,0.633,3,1,MECH,0,0,0,0,0,0,2,3,1,1,1,22,2,7.0,4,0,0,0,3,1,1
S0682,7.86,0.786,0.879,0.9490000000000001,1,1,EEE,0,0,0,0,0,0,0,0,0,0,0,0,2,3.0,4,0,0,0,1,1,1
S0683,9.81,0.9810000000000001,0.893,0.924,0,0,CIVIL,6,0,1,3,2,3,2,2,0,0,1,14,2,5.0,5,1,1,0,3,0,2
S0684,8.36,0.836,0.82,0.951,0,0,AIDS,3,0,2,0,1,3,1,1,0,1,0,4,1,1.0,4,1,1,1,4,1,2
S0685,7.72,0.772,0.775,0.705,0,0,AIDS,1,0,0,0,1,1,3,1,0,0,0,12,1,6.0,3,0,0,0,4,1,2
S0686,7.17,0.717,0.794,0.693,2,1,ECE,2,0,0,0,2,1,2,2,0,1,1,10,4,10.0,5,1,1,0,3,1,2
S0687,7.7,0.77,0.7609999999999999,0.88,2,0,ECE,2,1,0,1,0,4,1,1,0,0,0,3,1,1.5,2,0,0,0,5,2,4
S0688,8.48,0.8480000000000001,0.778,0.7170000000000001,0,0,CSE,7,0,3,1,3,3,2,3,2,1,2,21,0,0.0,0,0,0,0,4,1,3
S0689,8.37,0.837,0.8079999999999999,0.85,0,0,AIDS,1,0,0,0,1,1,2,3,1,1,2,30,4,8.0,4,0,0,0,2,0,1
S0690,8.69,0.869,0.9329999999999999,0.943,0,0,ECE,0,0,0,0,0,0,3,1,0,1,1,9,1,2.0,5,0,0,0,5,0,0
S0691,8.53,0.853,0.815,0.698,0,0,AIML,7,2,1,1,3,4,3,3,1,2,1,25,1,3.0,2,0,0,0,3,0,0
S0692,8.17,0.817,0.8009999999999999,0.7759999999999999,0,0,CSE,2,0,0,0,2,1,1,2,0,1,1,8,0,0.0,0,0,0,0,5,1,3
S0693,7.7,0.77,0.691,0.599,0,0,IT,1,0,0,0,1,1,2,3,1,2,1,15,0,0.0,0,0,0,0,3,1,3
S0694,4.44,0.44400000000000006,0.35,0.39399999999999996,5,2,MECH,0,0,0,0,0,0,1,2,0,0,0,6,3,4.5,4,0,0,0,4,1,2
S0695,6.0,0.6,0.599,0.6809999999999999,0,0,EEE,1,0,0,0,1,1,1,3,1,0,1,13,0,0.0,0,2,3,2,3,0,0
S0696,7.38,0.738,0.762,0.7170000000000001,0,0,CSE,2,0,1,1,0,3,3,1,0,1,0,13,0,0.0,0,0,0,0,2,0,1
S0697,6.13,0.613,0.529,0.485,0,0,EEE,0,0,0,0,0,0,2,2,0,1,1,11,1,3.0,2,0,0,0,3,1,1
S0698,9.54,0.954,0.861,0.867,0,0,MECH,4,0,1,1,2,3,2,1,0,0,1,10,2,3.0,5,0,0,0,3,0,0
S0699,7.35,0.735,0.693,0.792,0,0,ECE,2,1,0,0,1,4,2,1,0,0,1,5,2,9.0,3,1,2,0,4,0,2
S0700,7.15,0.7150000000000001,0.7340000000000001,0.635,2,0,CSE,0,0,0,0,0,0,3,3,1,1,1,29,1,1.0,2,0,0,0,3,1,2
S0701,8.75,0.875,0.742,0.759,1,1,AIML,0,0,0,0,0,0,1,3,1,0,1,17,1,3.0,4,0,0,0,3,1,1
S0702,7.95,0.795,0.838,0.732,1,1,AIML,1,0,0,1,0,2,2,2,0,0,1,13,1,2.0,1,0,0,0,3,1,0
S0703,7.42,0.742,0.71,0.6890000000000001,1,1,CSE,0,0,0,0,0,0,1,2,0,1,1,11,1,2.0,1,3,5,1,6,1,3
S0704,5.5,0.55,0.374,0.49700000000000005,2,2,AIDS,2,0,1,1,0,3,3,2,0,1,2,10,1,2.0,4,0,0,0,5,1,1
S0705,7.06,0.706,0.785,0.815,3,2,MECH,0,0,0,0,0,0,3,3,3,3,3,39,2,2.0,1,0,0,0,4,2,2
S0706,7.52,0.752,0.688,0.635,3,1,IT,2,0,0,1,1,2,1,1,0,0,1,6,1,2.0,3,0,0,0,3,0,1
S0707,7.54,0.754,0.7440000000000001,0.773,0,0,AIDS,4,2,0,1,1,4,3,2,0,1,2,14,0,0.0,0,0,0,0,4,1,2
S0708,6.16,0.616,0.609,0.629,0,0,ECE,1,0,0,0,1,1,2,2,0,1,1,7,0,0.0,0,0,0,0,3,1,1
S0709,8.05,0.805,0.9570000000000001,0.9179999999999999,0,0,ECE,0,0,0,0,0,0,1,2,0,1,1,4,1,6.0,3,0,0,0,3,2,2
S0710,8.26,0.826,0.865,0.8540000000000001,1,1,AIDS,0,0,0,0,0,0,2,3,1,0,2,24,0,0.0,0,0,0,0,2,0,0
S0711,9.54,0.954,0.877,0.8420000000000001,0,0,ECE,3,0,0,1,2,2,1,2,0,0,1,6,1,1.0,4,0,0,0,4,1,1
S0712,9.18,0.9179999999999999,0.795,0.871,0,0,MECH,6,1,2,1,2,4,1,2,0,0,0,9,0,0.0,0,1,1,0,4,0,3
S0713,7.7,0.77,0.73,0.722,0,0,AIML,4,0,1,1,2,3,1,1,0,0,1,4,0,0.0,0,0,0,0,3,0,1
S0714,7.21,0.721,0.618,0.69,2,0,IT,0,0,0,0,0,0,0,0,0,0,0,0,1,3.0,3,0,0,0,4,1,2
S0715,8.09,0.8089999999999999,0.7440000000000001,0.763,1,1,AIDS,7,0,2,3,2,3,3,3,1,1,2,33,2,5.0,2,0,0,0,3,3,3
S0716,6.18,0.618,0.5770000000000001,0.595,1,0,ECE,1,0,0,1,0,2,2,2,0,0,1,15,1,1.0,4,0,0,0,7,4,4
S0717,7.53,0.753,0.705,0.622,0,0,AIML,0,0,0,0,0,0,1,1,0,0,1,3,0,0.0,0,3,4,2,6,1,1
S0718,5.75,0.575,0.5579999999999999,0.611,3,0,IT,2,1,0,0,1,4,2,2,0,1,1,12,1,2.0,1,0,0,0,2,1,1
S0719,8.53,0.853,0.8809999999999999,0.797,0,0,CSE,2,0,0,1,1,2,3,3,1,1,1,19,1,1.5,2,0,0,0,6,2,4
S0720,7.69,0.769,0.7,0.75,0,0,MECH,2,0,0,0,2,1,2,3,2,2,2,30,0,0.0,0,0,0,0,4,0,1
S0721,6.0,0.6,0.648,0.608,1,0,AIDS,0,0,0,0,0,0,2,2,0,1,1,9,0,0.0,0,2,3,1,5,2,4
S0722,9.94,0.994,0.995,0.941,0,0,ECE,0,0,0,0,0,0,3,3,1,1,1,21,1,3.0,3,0,0,0,3,1,1
S0723,6.82,0.682,0.809,0.8170000000000001,0,0,CSE,4,0,2,1,1,3,4,2,0,1,2,39,0,0.0,0,4,5,2,5,3,2
S0724,6.63,0.663,0.664,0.6759999999999999,0,0,AIDS,4,2,2,0,0,4,2,2,0,0,2,13,2,8.0,4,0,0,0,2,0,0
S0725,7.03,0.7030000000000001,0.669,0.759,0,0,CSE,4,1,0,1,2,4,1,1,0,0,1,4,1,6.0,3,0,0,0,4,1,0
S0726,8.03,0.8029999999999999,0.78,0.782,1,0,IT,2,0,0,1,1,2,2,2,0,0,1,6,1,3.0,3,0,0,0,7,0,2
S0727,7.95,0.795,0.855,0.863,3,1,AIML,0,0,0,0,0,0,2,2,0,1,2,13,1,3.0,4,0,0,0,3,1,3
S0728,8.16,0.8160000000000001,0.795,0.767,0,0,AIML,1,0,0,1,0,2,1,3,1,0,1,20,4,7.0,5,0,0,0,5,2,2
S0729,7.17,0.717,0.6509999999999999,0.636,3,1,AIML,1,0,0,0,1,1,3,1,0,0,1,14,0,0.0,0,0,0,0,5,2,1
S0730,8.36,0.836,0.82,0.9159999999999999,2,0,CSE,0,0,0,0,0,0,2,2,0,0,2,7,1,1.5,2,0,0,0,4,1,0
S0731,8.42,0.842,0.795,0.893,0,0,IT,1,0,0,0,1,1,3,3,1,1,1,33,2,4.0,4,0,0,0,6,1,3
S0732,9.3,0.93,0.9940000000000001,0.983,0,0,EEE,0,0,0,0,0,0,1,2,0,0,0,11,1,1.0,1,0,0,0,5,1,2
S0733,6.44,0.644,0.511,0.55,3,1,CSE,2,0,0,0,2,1,0,0,0,0,0,0,1,3.0,3,0,0,0,3,2,2
S0734,8.27,0.827,0.8190000000000001,0.77,0,0,ECE,1,0,0,0,1,1,2,2,0,0,1,9,2,4.0,4,0,0,0,7,2,2
S0735,8.68,0.868,0.863,0.888,0,0,EEE,0,0,0,0,0,0,2,2,0,0,1,11,1,1.0,2,0,0,0,3,1,1
S0736,7.77,0.7769999999999999,0.743,0.741,1,0,MECH,0,0,0,0,0,0,4,3,2,1,2,42,3,8.0,4,2,3,1,4,0,0
S0737,8.08,0.808,0.846,0.853,0,0,AIDS,2,1,1,0,0,4,2,3,2,1,2,24,0,0.0,0,1,1,1,6,2,3
S0738,8.5,0.85,0.852,0.915,1,0,CSE,1,0,0,1,0,2,2,3,1,2,1,24,0,0.0,0,0,0,0,5,1,5
S0739,8.04,0.8039999999999999,0.924,0.9209999999999999,0,0,MBA,2,0,0,1,1,2,3,2,0,0,1,19,2,4.0,4,0,0,0,1,0,1
S0740,6.22,0.622,0.631,0.5489999999999999,0,0,AIDS,2,0,0,2,0,2,4,3,1,2,3,33,0,0.0,0,0,0,0,1,0,1
S0741,6.08,0.608,0.643,0.535,0,0,EEE,1,0,1,0,0,3,2,1,0,0,0,11,0,0.0,0,0,0,0,3,2,3
S0742,7.74,0.774,0.677,0.684,0,0,EEE,0,0,0,0,0,0,4,3,2,0,4,36,1,1.0,3,0,0,0,5,0,1
S0743,6.48,0.648,0.614,0.626,0,0,AIML,4,0,2,1,1,3,3,3,1,1,3,22,1,1.0,4,0,0,0,3,2,1
S0744,7.51,0.751,0.818,0.723,0,0,IT,3,0,2,0,1,3,3,2,0,0,1,23,0,0.0,0,2,5,2,3,1,1
S0745,8.54,0.8539999999999999,0.7490000000000001,0.82,0,0,CSE,0,0,0,0,0,0,2,1,0,0,1,4,0,0.0,0,0,0,0,4,2,1
S0746,7.51,0.751,0.736,0.8220000000000001,0,0,EEE,2,0,0,2,0,2,4,3,1,2,3,35,1,3.0,2,1,2,0,5,1,1
S0747,9.12,0.9119999999999999,0.995,0.995,0,0,ECE,4,1,1,0,2,4,4,2,0,1,2,23,2,8.0,3,1,2,0,6,1,2
S0748,7.13,0.713,0.795,0.799,1,0,CSE,4,0,0,3,1,2,2,3,2,1,1,26,1,1.0,2,1,3,1,3,2,2
S0749,8.11,0.8109999999999999,0.9390000000000001,0.862,0,0,CSE,1,0,0,1,0,2,3,3,1,2,3,33,1,1.0,4,0,0,0,4,1,1
S0750,8.33,0.833,0.888,0.915,1,0,MECH,1,0,0,1,0,2,4,3,1,1,3,34,1,3.0,2,0,0,0,3,1,1
S0751,9.56,0.9560000000000001,0.9940000000000001,0.883,0,0,IT,2,0,0,0,2,1,1,3,1,1,1,8,1,2.0,4,0,0,0,6,1,2
S0752,7.78,0.778,0.7759999999999999,0.813,0,0,AIDS,2,0,1,0,1,3,3,2,0,0,1,20,0,0.0,0,0,0,0,3,1,1
S0753,7.64,0.764,0.677,0.759,0,0,AIML,2,0,0,2,0,2,3,1,0,0,1,16,0,0.0,0,0,0,0,4,0,1
S0754,7.09,0.709,0.616,0.636,1,1,AIML,0,0,0,0,0,0,1,2,0,0,0,10,4,11.0,5,0,0,0,4,1,2
S0755,6.11,0.611,0.67,0.738,4,1,BCA,4,1,0,2,1,4,2,1,0,0,0,7,1,2.0,3,0,0,0,5,1,3
S0756,7.61,0.761,0.78,0.7709999999999999,2,2,EEE,4,0,2,1,1,3,2,3,1,1,2,24,1,3.0,2,0,0,0,5,1,1
S0757,8.33,0.833,0.828,0.7929999999999999,0,0,AIML,3,0,2,1,0,3,1,1,0,0,0,2,2,4.0,5,0,0,0,1,0,1
S0758,9.6,0.96,0.995,0.99,0,0,MECH,0,0,0,0,0,0,4,3,1,2,4,29,0,0.0,0,0,0,0,4,2,3
S0759,8.18,0.818,0.745,0.718,1,1,BCA,0,0,0,0,0,0,3,2,0,0,0,13,1,1.5,2,0,0,0,5,3,2
S0760,6.77,0.6769999999999999,0.748,0.6779999999999999,0,0,MECH,1,0,0,1,0,2,4,3,1,2,2,39,1,6.0,3,0,0,0,2,1,1
S0761,7.14,0.714,0.6990000000000001,0.8220000000000001,0,0,ECE,2,0,1,1,0,3,1,1,0,0,0,4,0,0.0,0,0,0,0,4,0,0
S0762,6.76,0.6759999999999999,0.685,0.5870000000000001,2,2,AIML,2,0,0,1,1,2,3,3,1,0,3,35,2,9.0,4,0,0,0,3,1,1
S0763,8.49,0.849,0.935,0.848,2,2,AIML,6,0,1,3,2,3,3,2,0,0,1,21,0,0.0,0,0,0,0,2,0,0
S0764,6.2,0.62,0.665,0.711,0,0,AIDS,2,0,0,0,2,1,1,3,1,0,1,19,1,2.0,3,0,0,0,3,1,2
S0765,7.94,0.794,0.705,0.804,0,0,CIVIL,2,0,0,0,2,1,2,2,0,0,0,7,1,1.5,2,0,0,0,4,1,3
S0766,6.42,0.642,0.5820000000000001,0.575,1,1,CSE,0,0,0,0,0,0,3,3,1,0,0,38,2,3.0,2,0,0,0,5,2,1
S0767,7.38,0.738,0.778,0.777,2,0,MBA,4,0,1,3,0,3,2,2,0,0,1,16,4,10.0,4,1,4,1,6,2,5
S0768,5.2,0.52,0.396,0.484,5,2,CSE,1,0,0,1,0,2,1,1,0,0,0,3,0,0.0,0,0,0,0,2,1,1
S0769,7.83,0.783,0.852,0.8,1,0,IT,2,1,0,0,1,4,4,2,0,0,2,20,0,0.0,0,0,0,0,4,3,2
S0770,6.71,0.671,0.575,0.647,0,0,AIDS,2,0,1,1,0,3,2,1,0,0,0,6,2,8.0,3,0,0,0,4,2,1
S0771,7.9,0.79,0.745,0.7809999999999999,3,0,IT,1,0,1,0,0,3,2,3,1,1,0,17,1,3.0,5,0,0,0,4,0,2
S0772,7.6,0.76,0.747,0.6920000000000001,3,0,CSE,2,0,0,2,0,2,2,2,0,0,1,9,1,1.0,3,0,0,0,4,0,2
S0773,9.02,0.9019999999999999,0.853,0.852,0,0,CSE,3,1,0,0,2,4,2,3,1,0,2,19,0,0.0,0,2,2,2,3,2,2
S0774,8.52,0.852,0.948,0.8290000000000001,1,1,AIML,3,0,3,0,0,3,2,2,0,0,1,17,1,2.0,2,0,0,0,3,2,1
S0775,8.54,0.8539999999999999,0.843,0.924,0,0,CSE,4,1,0,1,2,4,2,2,0,0,1,10,1,6.0,5,0,0,0,4,0,1
S0776,9.6,0.96,0.953,0.945,1,1,CSE,3,0,0,3,0,2,0,0,0,0,0,0,2,2.0,2,0,0,0,2,0,1
S0777,7.78,0.778,0.7959999999999999,0.598,1,1,MECH,0,0,0,0,0,0,3,3,1,1,2,23,1,3.0,3,0,0,0,3,1,1
S0778,8.04,0.8039999999999999,0.987,0.838,1,1,ECE,0,0,0,0,0,0,1,2,0,0,0,10,0,0.0,0,0,0,0,3,0,0
S0779,6.6,0.6599999999999999,0.7120000000000001,0.625,1,0,ECE,0,0,0,0,0,0,1,2,0,0,0,5,1,1.0,3,1,1,1,3,0,2
S0780,7.71,0.771,0.708,0.6920000000000001,2,2,AIML,2,0,1,0,1,3,4,2,0,2,1,26,1,6.0,5,1,1,1,4,0,1
S0781,7.52,0.752,0.6559999999999999,0.787,0,0,IT,4,0,2,0,2,3,4,3,1,1,1,42,1,3.0,4,0,0,0,5,3,3
S0782,6.83,0.683,0.7240000000000001,0.6920000000000001,1,1,CIVIL,2,0,0,0,2,1,1,2,0,0,0,10,0,0.0,0,1,2,1,1,0,0
S0783,6.21,0.621,0.682,0.654,0,0,CSE,2,0,0,0,2,1,1,2,0,0,0,11,0,0.0,0,0,0,0,3,1,1
S0784,6.98,0.6980000000000001,0.725,0.616,2,1,CSE,0,0,0,0,0,0,0,0,0,0,0,0,0,0.0,0,4,4,4,6,2,2
S0785,8.11,0.8109999999999999,0.934,0.8590000000000001,2,0,AIML,4,0,1,0,3,3,1,2,0,1,0,10,0,0.0,0,0,0,0,4,0,1
S0786,7.56,0.756,0.742,0.8079999999999999,1,0,ECE,1,0,0,0,1,1,1,2,0,1,1,4,0,0.0,0,0,0,0,2,0,1
S0787,6.26,0.626,0.642,0.5670000000000001,1,1,AIML,1,0,1,0,0,3,1,2,0,1,0,7,2,3.0,2,0,0,0,2,1,1
S0788,5.76,0.576,0.586,0.6509999999999999,4,0,CSE,0,0,0,0,0,0,1,2,0,1,1,10,1,2.0,1,1,2,0,3,0,2
S0789,8.85,0.885,0.945,0.917,0,0,MECH,3,1,2,0,0,4,2,2,0,1,0,17,0,0.0,0,0,0,0,4,1,2
S0790,8.06,0.806,0.76,0.7190000000000001,0,0,EEE,2,0,0,1,1,2,4,3,2,3,3,45,2,7.0,5,0,0,0,4,1,3
S0791,6.91,0.6910000000000001,0.625,0.6809999999999999,1,0,AIDS,3,0,1,1,1,3,2,3,1,0,0,23,1,2.0,2,0,0,0,3,0,1
S0792,7.08,0.708,0.727,0.753,0,0,AIML,2,0,1,1,0,3,1,2,0,0,1,6,0,0.0,0,0,0,0,1,0,0
S0793,8.41,0.841,0.7759999999999999,0.8079999999999999,2,1,AIDS,0,0,0,0,0,0,4,2,0,1,2,25,0,0.0,0,0,0,0,1,0,1
S0794,6.07,0.607,0.5579999999999999,0.511,2,0,AIDS,2,0,0,0,2,1,1,2,0,0,0,11,1,2.0,4,0,0,0,5,2,3
S0795,7.55,0.755,0.804,0.7140000000000001,0,0,AIML,0,0,0,0,0,0,2,3,2,1,1,29,0,0.0,0,0,0,0,4,0,1
S0796,7.49,0.749,0.76,0.823,1,1,CSE,2,0,0,0,2,1,2,2,0,0,1,14,1,1.0,1,1,2,0,3,0,2
S0797,6.98,0.6980000000000001,0.596,0.569,0,0,AIDS,2,0,0,1,1,2,3,2,0,1,0,21,1,3.0,4,0,0,0,3,1,1
S0798,8.48,0.8480000000000001,0.7240000000000001,0.86,0,0,EEE,0,0,0,0,0,0,1,3,1,1,1,17,2,5.0,5,1,1,0,3,2,2
S0799,8.72,0.8720000000000001,0.955,0.8959999999999999,0,0,AIDS,1,0,0,1,0,2,2,2,0,0,0,9,1,6.0,3,0,0,0,5,2,3
S0800,6.47,0.647,0.612,0.607,2,1,EEE,4,0,0,1,3,2,4,3,1,1,3,33,2,6.0,2,0,0,0,7,1,2
